oracle_calls,scaffold,smiles,reward,penalized_reward,agentic_mbh_catalyst_score_raw_values,agentic_mbh_catalyst_score_reward,mw_raw_values,mw_reward
15,c1ccc(OCCN[C@@H]2CC[NH2+]C2)cc1,c1c(OCCN[C@H]2C[NH2+]CC2)ccc(F)c1,0.10533608,0.10533607751131058,0.0,0.011095689,225.28699999999998,1.0
15,O=C(NCCn1cc[nH+]c1)C(=O)Nc1ccnc(OC2CCCC2)c1,c1c(NC(C(N[C@@H](C)Cn2c[nH+]cc2)=O)=O)cc(OC2CCCC2)nc1,0.10533608,0.10533607751131058,0.0,0.011095689,358.4220000000002,1.0
15,O=C(c1c[nH]cn1)N1CCC[C@H]2CCCC[C@H]21,n1(C)cc(C(N2[C@@H](C([O-])=O)CC[C@H]3CCCC[C@@H]23)=O)nc1,0.10533608,0.10533607751131058,0.0,0.011095689,290.34299999999996,1.0
15,O=S(=O)(NC1CCCC1)c1ccccc1,c1c(C(=O)[O-])ccc(S(N[C@@H]2CCCC2(C)C)(=O)=O)c1,0.10533608,0.10533607751131058,0.0,0.011095689,296.368,1.0
15,O=C(CSC1=[NH+]CCN1)Nc1ccccc1,c1cc(F)cc(NC(CSC2=[NH+]CCN2)=O)c1,0.10533608,0.10533607751131058,0.0,0.011095689,254.30999999999997,1.0
15,O=S(=O)([N-]c1ncn[nH]1)c1ccccc1,c1cc(OC)cc(Br)c1S([N-]c1ncnn1C)(=O)=O,0.10533608,0.10533607751131058,0.0,0.011095689,346.1860000000001,1.0
15,O=C(NCC1CCN(c2cc[nH+]cc2)CC1)N1CCOCC1,c1c(N2CCC(CNC(=O)N3CCOC(C)(C)C3)CC2)cc[nH+]c1,0.10533608,0.10533607751131058,0.0,0.011095689,333.456,1.0
15,C1CCOCC1,C(=O)([C@@H]([C@H](O)[C@@H]1OCC[C@@H](C)C1)CC)[O-],0.10533608,0.10533607751131058,0.0,0.011095689,215.26899999999995,1.0
15,O=C(NCc1nc2ccccc2[n-]1)c1cnn(-c2cccnc2)c1,c1([C@@H](NC(=O)c2cnn(-c3cnccc3)c2C)C)[n-]c2c(cccc2)n1,0.10533608,0.10533607751131058,0.0,0.011095689,345.3860000000001,1.0
15,C(N[C@@H]1CCOc2ccccc21)=[NH+]Cc1cccc(-c2cccs2)c1,c1cc([N+](=O)[O-])c(-c2cccs2)cc1C/[NH+]=C(/N)N[C@@H]1CCOc2ccccc21,0.00044650183,0.00044650182826444507,0.0,0.011095689,409.49100000000016,1.7967688e-05
15,O=C(Nc1ccccc1)C(=O)Nc1cccnc1,O=C(C(Nc1cccnc1C)=O)Nc1ccc(Br)cc1C(F)(F)F,0.029034778,0.029034778475761414,0.0,0.011095689,402.17,0.0759771
15,O=C(NCCC[NH+]1CCCCC1)C1=NN=C(c2cccs2)C1,c1(Cl)ccc(C2=NN=C(C(NCCC[NH+]3CCC(C)CC3)=O)C2)s1,0.10533608,0.10533607751131058,0.0,0.011095689,367.92600000000016,1.0
15,c1ccc2cnccc2c1,O=C(c1c2ccccc2c(SC)nc1)[O-],0.10533608,0.10533607751131058,0.0,0.011095689,218.25699999999998,1.0
15,O=C(NCCc1ccsc1)N1CCOCC1,C1N(C(=O)NC[C@H](c2cscc2)[NH+](C)C)CCO[C@@H]1C,0.10533608,0.10533607751131058,0.0,0.011095689,298.432,1.0
15,c1cncc(-c2ccc(C[NH+]3CCCCC3)s2)c1,c1ccc(-c2ccc(C[NH+]3CCC[C@@H](NC(=O)C)C3)s2)cn1,0.10533608,0.10533607751131058,0.0,0.011095689,316.45,1.0
30,O=C(Nc1cn[nH]c1)C(=O)N[C@H]1CCOc2ccccc21,C([C@H](n1ncc(NC(C(N[C@H]2CCOc3ccccc32)=O)=O)c1)C)#N,0.10533608,0.10533607751131058,0.0,0.011095689,339.3550000000001,1.0
30,O=C(C[NH+]1CCSCC1)Nc1ccc(-c2cccnc2)cc1,CC1(C)C[NH+](CC(Nc2ccc(-c3cnccc3)cc2)=O)CCS1,0.10533608,0.10533607751131058,0.0,0.011095689,342.4880000000001,1.0
30,O=C(NCCn1cc[nH+]c1)C(=O)Nc1ccccc1,c1(Cl)ccc(F)c(NC(C(N[C@@H](C)Cn2c[nH+]cc2)=O)=O)c1,0.10533608,0.10533607751131058,0.0,0.011095689,325.7510000000001,1.0
30,O=C1N[C@H](CN2CC[NH2+]CC2)C(=O)N1C1CC1,O=C1N[C@H](CN2CC[NH2+]CC2)C(=O)N1C1CC1,0.10533608,0.10533607751131058,0.0,0.011095689,239.29899999999998,1.0
30,O=C(Nc1ccccc1)[C@H]1C=C(c2cccnc2)N=N1,c1ccc(OC)c(NC(=O)[C@@H]2N=NC(c3cccnc3)=C2)c1Cl,0.10533608,0.10533607751131058,0.0,0.011095689,328.759,1.0
30,O=C(C[NH+]1CCCNCC1)NCc1ccccc1,C1N(C(=O)C)CCC[NH+](CC(=O)N[C@H](c2ccc(OC)cc2)C)C1,0.10533608,0.10533607751131058,0.0,0.011095689,334.4400000000001,1.0
30,O=C(NCc1nnc[nH]1)NC[C@@H]1C[NH+]2CCN1CC2,O=C(N[C@H](c1nncn1C)C)NC[C@H]1N2CC[NH+](CC2)C1,0.10533608,0.10533607751131058,0.0,0.011095689,294.38300000000015,1.0
30,O=S(=O)([N-]c1cccnc1)c1ccccc1,[O-]C(c1ccc(S([N-]c2cccnc2C)(=O)=O)cc1)=O,0.10533608,0.10533607751131058,0.0,0.011095689,290.3,1.0
30,O=C(COc1ccccc1)Nc1ccccc1-n1ccnc1,c1ccccc1OCC(=O)Nc1c(-n2cncc2)cccc1,0.10533608,0.10533607751131058,0.0,0.011095689,293.326,1.0
30,C1=Nc2ccccc2[C@H](c2ccncn2)C1,N1=C(O)C[C@@H](c2nc(C)nc(Cl)c2)c2c1cccc2,0.10533608,0.10533607751131058,0.0,0.011095689,273.723,1.0
30,c1ncn(C2CC2)c1C[NH2+]C1CCNCC1,C1CC([NH2+]Cc2cncn2C2CC2)CCN1C(=O)C,0.10533608,0.10533607751131058,0.0,0.011095689,263.36499999999995,1.0
30,c1ccc(-n2ccnc2)nc1,c1(-n2c(SC)ncc2)nccc(C(=O)[O-])c1,0.10533608,0.10533607751131058,0.0,0.011095689,234.26,1.0
30,c1ccc(C[NH2+]CC2CCN(c3cc[nH+]cc3)CC2)cc1,N1(c2cc[nH+]cc2)CCC(C[NH2+][C@@H](C)c2cccc(F)c2)CC1,0.10533608,0.10533607751131058,0.0,0.011095689,315.4360000000001,1.0
30,C1=[NH+]CCN1,CC(C)(C)C1=[NH+]CCN1,0.10533608,0.10533607751131058,0.0,0.011095689,127.211,1.0
30,C(=[NH+]CC1=NN=C(c2cccnc2)C1)SCc1ccccc1,C(/[NH+]=C(\N)SCc1cc(Br)ccc1)C1=NN=C(c2cnccc2)C1,0.015334712,0.015334712341427803,0.0,0.011095689,403.3290000000001,0.021193221
42,c1ccc(CN2CCSCC2)cc1,C1CSCCN1[C@@H](C(=O)[O-])c1ccccc1F,0.10533608,0.10533607751131058,0.0,0.011095689,254.30599999999998,1.0
42,O=C(Nc1ccccc1)C1=NN[C@@H]1c1ccccc1,N1[C@H](c2ccccc2C)C(C(=O)Nc2ccccc2)=N1,0.10533608,0.10533607751131058,0.0,0.011095689,265.316,1.0
42,O=C(NCC[C@@H]1CCCCS1)N1CCOCC1,C1CS[C@H]([C@@H]([NH+](C)C)CNC(N2CCOC(C)(C)C2)=O)CC1,0.10533608,0.10533607751131058,0.0,0.011095689,330.5180000000001,1.0
42,O=C(C[NH2+]Cc1cccnc1)N1CCOCC1,C1COC(C)(C)CN1C(C[NH+](C)[C@@H](C)c1cnccc1)=O,0.10533608,0.10533607751131058,0.0,0.011095689,292.403,1.0
42,c1ccc(CNC[C@H]2CC[NH2+]C2)cc1,C(N(Cc1ccc(Br)cc1)S(C)(=O)=O)[C@@H]1C[NH2+]CC1,0.10533608,0.10533607751131058,0.0,0.011095689,348.2860000000002,1.0
42,O=C(c1ccc(-c2cccnc2)cc1)N1CCNC[C@@]12CCCCC2=O,C1[C@H](C)CC[C@@]2(CN(C(C[NH+](C)C)=O)CCN2C(c2ccc(-c3cnccc3)cc2)=O)C1=O,0.0,0.0,0.0,0.011095689,449.57500000000016,0.0
42,c1cc(N2CCC(CN[C@@H]3CC[NH2+]C3)CC2)ncn1,C1[NH2+]CC[C@H]1NCC1CCN(c3ccncn3)CC1,0.10533608,0.10533607751131058,0.0,0.011095689,262.38100000000003,1.0
42,O=C(CNC(=O)N[C@H]1CC[NH2+]C1)NCc1cccs1,CN(CC(N[C@@H](C)c1cccs1)=O)C(=O)N[C@H]1CC[NH2+]C1,0.10533608,0.10533607751131058,0.0,0.011095689,311.43100000000015,1.0
42,O=C(COc1ccccc1)NCc1ccccc1,c1c(C)ccc(C)c1OCC(=O)N[C@H](c1ccc(F)cc1)C,0.10533608,0.10533607751131058,0.0,0.011095689,301.36100000000005,1.0
42,O=C(c1cn[nH]c1)N1CCCCC1,C1C(C)(C)[C@H]([NH3+])CCN1C(c1cnn(C)c1)=O,0.10533608,0.10533607751131058,0.0,0.011095689,237.327,1.0
42,O=C(NC1CC[NH2+]CC1)c1cccnc1,F[C@H]1C[C@H](NC(c2cccnc2Cl)=O)CC[NH2+]1,0.10533608,0.10533607751131058,0.0,0.011095689,258.70399999999995,1.0
42,C1C[C@H]2CNCC[NH+]2C1,C1CC[NH+]2C[C@H](C(=O)[O-])N([C@H](C)C(=O)N)C[C@H]12,0.10533608,0.10533607751131058,0.0,0.011095689,241.29099999999997,1.0
55,c1ccc(NC[C@H]2C[NH2+]CCN2)cc1,N(C[C@H]1C[NH2+]CCN1)c1c(F)cc(F)cc1,0.10533608,0.10533607751131058,0.0,0.011095689,228.266,1.0
55,O=S(=O)(Nc1ccc(-c2ccccn2)cc1)c1ccccc1,n1c(-c2ccc(NS(=O)(=O)c3ccc(C([O-])=O)cc3)cc2)cccc1,0.10533608,0.10533607751131058,0.0,0.011095689,353.379,1.0
55,c1ccccc1,CC(c1ccc(C(=O)[O-])cc1)(C)SC[C@@H](O)C,0.10533608,0.10533607751131058,0.0,0.011095689,253.343,1.0
55,c1ccccc1,c1(Cl)ccc(Cl)c(NC(C)=O)c1,0.10533608,0.10533607751131058,0.0,0.011095689,204.056,1.0
55,c1ncncn1,C([C@H](c1nc(C)nc(Cl)n1)C(=O)[O-])C,0.10533608,0.10533607751131058,0.0,0.011095689,214.63199999999998,1.0
55,O=C(NCCc1ccccc1)C(=O)Nc1ccccc1,O=C(Nc1c(C)cc(N(C)C)cc1)C(=O)NC[C@@H]([NH+](C)C)c1ccccc1,0.10533608,0.10533607751131058,0.0,0.011095689,369.4890000000001,1.0
55,[NH2+]=C(Cc1ccccc1)Nc1ccccc1,[NH2+]=C(Nc1ccc(OC)cc1C)Cc1cc(C)ccc1,0.10533608,0.10533607751131058,0.0,0.011095689,269.36799999999994,1.0
55,C1C[NH+](C2CC2)C1,[C@@H]1(CN(CC(N)=O)[C@H](C)[NH3+])[NH+](C2CC2)CC1,0.10533608,0.10533607751131058,0.0,0.011095689,228.33999999999995,1.0
55,c1ccc(Cn2ccnc2)cc1,[NH2+](C)Cc1n(Cc2c(Cl)cccc2)cnc1,0.10533608,0.10533607751131058,0.0,0.011095689,236.72600000000006,1.0
55,c1ccc(C[NH2+]CC2CC[NH2+]CC2)cc1,c1c(Br)cc(O)c([C@H](C)[NH+](C)CC2CC[NH2+]CC2)c1,0.10533608,0.10533607751131058,0.0,0.011095689,329.2820000000002,1.0
55,c1nnnn1C1CC1,n1(C2CC2)c(C[NH2+]C)nnn1,0.10533608,0.10533607751131058,0.0,0.011095689,154.197,1.0
55,O=C(CSC1=[NH+]CCN1)Nc1ccccc1,C1CNC(SCC(Nc2cc(Cl)ccc2C)=O)=[NH+]1,0.10533608,0.10533607751131058,0.0,0.011095689,284.792,1.0
55,O=C(NCCn1cc[nH+]c1)NC1CCN(c2cc[nH+]cc2)CC1,C1CC(NC(=O)N[C@H](C)Cn2c[nH+]cc2)CCN1c1cc[nH+]cc1,0.10533608,0.10533607751131058,0.0,0.011095689,330.43600000000004,1.0
69,O=C(NCCn1cc[nH+]c1)c1cccnc1,c1n(C[C@@H](NC(=O)c2cccnc2Cl)C)c[nH+]c1,0.10533608,0.10533607751131058,0.0,0.011095689,265.724,1.0
69,c1ccc(-c2cccnc2)cc1,c1cc(-c2cnccc2)cc(C([O-])=O)c1,0.10533608,0.10533607751131058,0.0,0.011095689,198.20099999999996,1.0
69,c1ccc(NC2CCCCC2)cc1,C1C(N(c2ccc(Cl)cc2)S(=O)(C)=O)CCC(C[NH3+])C1,0.10533608,0.10533607751131058,0.0,0.011095689,317.8620000000001,1.0
69,O=C(NC[C@H]1C[NH+]2CCN1CC2)C(=O)Nc1cccnc1,N12CC[NH+](C[C@@H]1CNC(C(=O)Nc1c(C)nccc1)=O)CC2,0.10533608,0.10533607751131058,0.0,0.011095689,304.37400000000014,1.0
69,O=S(=O)(NC1CCCC1)c1cccnc1,c1ncc(C([O-])=O)cc1S(=O)(N[C@@H]1C(C)(C)CCC1)=O,0.10533608,0.10533607751131058,0.0,0.011095689,297.35600000000005,1.0
69,c1c[nH]nn1,n1n([C@H](C(N)=O)C)c(N)cn1,0.10533608,0.10533607751131058,0.0,0.011095689,155.161,1.0
69,O=C(Nc1ccccn1)c1ccccc1,n1c(NC(=O)c2cccc(OC)c2OC)cc(C#N)cc1,0.10533608,0.10533607751131058,0.0,0.011095689,283.2869999999999,1.0
69,c1ccccc1,c1(F)cc(NC(=O)CS[C@H]([C@@H](C)O)C)ccc1C,0.10533608,0.10533607751131058,0.0,0.011095689,271.357,1.0
69,c1ccc(CN2CCC(Cn3cc[nH+]c3)CC2)cc1,C1N(C(c2cc(C([O-])=O)ccc2)CCC)CCC(Cn2cc[nH+]c2)(O)C1,0.10533608,0.10533607751131058,0.0,0.011095689,357.454,1.0
69,c1ccc(N2CC[NH2+]CC2)cc1,C1C[NH2+]CCN1c1c(C([O-])=O)cccc1Br,0.10533608,0.10533607751131058,0.0,0.011095689,285.14099999999996,1.0
69,O=C(NCc1ccccc1)C1=NN=C(c2cccs2)C1,c1cccc(CNC(C2=NN=C(c3sc(Cl)cc3)C2)=O)c1O,0.10533608,0.10533607751131058,0.0,0.011095689,333.80000000000007,1.0
69,O=C(C1C=NN=C1)N1CCOCC1,C1CN(C([C@H]2C=NN=C2C([O-])=O)=O)C[C@H](C)O1,0.10533608,0.10533607751131058,0.0,0.011095689,238.22299999999996,1.0
69,c1csc(C[NH2+]Cc2c[nH]c3ccccc23)c1,c12c(C[NH2+]Cc3ccc(Cl)s3)cn(CC)c1cccc2,0.10533608,0.10533607751131058,0.0,0.011095689,305.854,1.0
69,O=C(Cn1cc(NCc2cccnc2)cn1)N1CC[NH2+]CC1,C(C(N1CC[NH2+]CC1)=O)n1ncc(N[C@@H](C)c2cccnc2)c1,0.10533608,0.10533607751131058,0.0,0.011095689,315.40100000000007,1.0
84,O=C(NCCc1ccsc1)N1CCCC1,C(OC)(=O)[C@@H]1CCN(C(=O)NC[C@H](c2cscc2)[NH+](C)C)[C@@H]1C,0.10533608,0.10533607751131058,0.0,0.011095689,340.4690000000001,1.0
84,O=S(=O)(Cc1ccccc1)Nc1ccccc1,S(=O)(Cc1ccccc1)(Nc1cc(Cl)ccc1F)=O,0.10533608,0.10533607751131058,0.0,0.011095689,299.754,1.0
84,O=C(COc1ccccc1)NC[C@@H]1CC[NH2+]C1,c1c(Cl)ccc(OCC(N(C[C@H]2C[NH2+]CC2)C)=O)c1,0.10533608,0.10533607751131058,0.0,0.011095689,283.77899999999994,1.0
84,c1ccc(CNC[C@H]2CC[NH2+]C2)nc1,c1ccc(CN(C[C@@H]2C[NH2+]CC2)S(=O)(=O)C)nc1,0.10533608,0.10533607751131058,0.0,0.011095689,270.37799999999993,1.0
84,c1cc(N2CCC(CNC3CCCCC3)CC2)ncn1,C1(NCC2CCN(c3ncncc3C#N)CC2)CCC(N(C)C(C)=O)CC1,0.10533608,0.10533607751131058,0.0,0.011095689,370.5010000000002,1.0
84,O=C1C/C(=N/c2ccccc2)N1,c1cc(Cl)ccc1/N=C1\N(CC=C)C(=O)C1,0.10533608,0.10533607751131058,0.0,0.011095689,234.68599999999995,1.0
84,O=S(=O)(Nc1ccccc1)c1ccccc1,Clc1ccc(OC)cc1NS(=O)(c1cc(C(=O)[O-])ccc1)=O,0.10533608,0.10533607751131058,0.0,0.011095689,340.76400000000007,1.0
84,O=C(NC[C@@H]1CCC[NH+]1Cc1ccccc1)N1CCNCC1,N1(C(NC[C@@H]2C[C@H](O)C[NH+]2Cc2ccccc2)=O)CCN(C(C)=O)CC1,0.10533608,0.10533607751131058,0.0,0.011095689,361.46600000000024,1.0
84,O=S(=O)(NC1CCCC1)c1ccccc1,Fc1c(S(=O)(N[C@H]2CCCC2(C)C)=O)ccc(C(=O)[O-])c1,0.10533608,0.10533607751131058,0.0,0.011095689,314.358,1.0
84,O=C1NN=N[C@H]1C[NH+]1CCCCC1,N1=N[C@@H](C[NH+]2CCC(NC(=O)C(C)(C)C)CC2)C(=O)N1,0.10533608,0.10533607751131058,0.0,0.011095689,282.36799999999994,1.0
84,c1ccc(CNCC2CC[NH2+]CC2)cc1,O=C(N(CC1CC[NH2+]CC1)Cc1cc(Br)ccc1)C,0.10533608,0.10533607751131058,0.0,0.011095689,326.258,1.0
84,O=S(=O)(Nc1ccc(N2CCC2)cc1)c1ccccc1,C1N(c2ccc(NS(=O)(c3ccc(C(=O)[O-])cc3)=O)cc2)CC1,0.10533608,0.10533607751131058,0.0,0.011095689,331.3730000000001,1.0
84,c1ccc2c(c1)cn1cncnc21,n1c(CC)n2c(c3ccccc3c2C([O-])=O)nc1,0.10533608,0.10533607751131058,0.0,0.011095689,240.242,1.0
84,O=S1(=O)CC[C@H](C[NH2+]Cc2ccccc2)N1,c1cc(F)ccc1C[NH+](C[C@H]1CCS(=O)(=O)N1)C[C@@H](O)C,0.10533608,0.10533607751131058,0.0,0.011095689,317.406,1.0
84,c1ccc(CN2CCOCC2)cc1,c1ccc(Cl)c([C@@H](N2CCOCC2)C(=O)[O-])c1,0.10533608,0.10533607751131058,0.0,0.011095689,254.69299999999993,1.0
98,O=S(=O)(Nc1ccc([SH]2C=CC3=CC=C([N-]2)OCCC3)cc1)c1ccccc1,C1c2ccc([N-]S(c3ccc(NS(=O)(c4ccc(OC)cc4)=O)cc3)cc2)OCC1,0.0,0.0,0.0,0.011095689,443.5700000000003,0.0
98,O=C(Nc1cccs1)c1ccc(S(=O)(=O)Nc2ccccc2)cc1,O=C(Nc1ccc(Cl)s1)c1ccc(S(=O)(=O)Nc2cc(Cl)ccc2)cc1,1.5459062e-08,1.5459061586398093e-08,0.0,0.011095689,427.33400000000006,2.1538327e-14
98,O=C(C[NH2+]C[C@H]1CCOC1)N1CCSCC1,C1N(C([C@@H]([NH+](C[C@H]2[C@@H]([NH2+]C)COC2)C)C)=O)CCSC1,0.10533608,0.10533607751131058,0.0,0.011095689,303.472,1.0
98,c1ccc(Cn2ccc3ccccc32)nc1,[C@H](n1c2c(c(C([O-])=O)ccc2)cc1)(c1nccc(C#N)c1)N,0.10533608,0.10533607751131058,0.0,0.011095689,291.29,1.0
98,c1ccc(-c2ccncc2)cc1,c1(-c2ccncc2)ccccc1C(N)=O,0.10533608,0.10533607751131058,0.0,0.011095689,198.22499999999997,1.0
98,O=C(NC[C@H]1CCC[NH+]1C1CC1)Nc1ccn[nH]1,C1[NH+](C2CC2)[C@@H](CNC(=O)Nc2ccnn2C(C)(C)C)CC1,0.10533608,0.10533607751131058,0.0,0.011095689,306.43400000000014,1.0
98,c1ccc(CN2CC[NH+]3CCC[C@@H]3C2)cc1,c1c(Cl)cc([C@@H](N2C[C@H]3CCC[NH+]3CC2)NC(C)=O)c(Br)c1,0.10533604,0.10533604025840759,0.0,0.011095689,387.72900000000004,0.9999993
98,O=C(c1ccccc1)N1CCCCC1,C(N1CCC([NH3+])CC1)(=O)c1ccc(F)cc1,0.10533608,0.10533607751131058,0.0,0.011095689,223.27100000000002,1.0
98,c1ccc(C2C[C@@H]3CCCN3C2)cc1,c1cc([C@@]2(C(=O)[O-])CN3CCC[C@H]3C2)ccc1,0.16280463,0.16280463337898254,12.833333,0.026505351,230.28699999999995,1.0
98,C1=C(c2cccnc2)N=N[C@@H]1C1=[NH+]CCN1,C1C[NH+]=C([C@@H]2C=C(c3cnccc3)N=N2)N1,0.10533608,0.10533607751131058,0.0,0.011095689,214.252,1.0
98,c1ccc(-n2ccnc2)nc1,N#Cc1cc(-n2ccnc2SC)ncc1,0.10533608,0.10533607751131058,0.0,0.011095689,216.269,1.0
98,c1ccc(CC/[NH+]=N/c2cccnc2)nc1,[NH+](\CCc1ncccc1)=N/c1cccnc1,0.10533608,0.10533607751131058,0.0,0.011095689,213.26399999999998,1.0
98,c1ccc(OCC[NH+]2CCCCC2)cc1,C(Oc1cc(Cl)ccc1)C[NH+]1CCC[C@@H](NC(=O)C)C1,0.10533608,0.10533607751131058,0.0,0.011095689,297.80600000000004,1.0
98,C1=C[C@H](N2CC[NH2+]CC2)CCC1,C1N([C@@H]2CCCC=C2)CC[NH2+]C1,0.10533608,0.10533607751131058,0.0,0.011095689,167.27599999999998,1.0
111,C1CCNC1,N1C[C@H](NS(C)(=O)=O)C(C)(C)C1,0.10533608,0.10533607751131058,0.0,0.011095689,192.28399999999996,1.0
111,O=S(=O)(Nc1ccccc1)c1ccccc1,c1(Cl)cc(NS(=O)(=O)c2ccc(C([O-])=O)cc2)ccc1Cl,0.10533608,0.10533607751131058,0.0,0.011095689,345.183,1.0
111,C(=C/c1ccccc1)\C[NH+]1CCCCC1,C1[NH+](C/C=C/c2ccccc2)CCC(OC)(C(=O)[O-])C1,0.10533608,0.10533607751131058,0.0,0.011095689,275.348,1.0
111,O=C(NCc1ccccc1)C1=NN=C[C@H]1C(=O)NCc1cccs1,CC1=NN=C(C(=O)N[C@H](c2ccccc2)C)[C@@H]1C(N[C@@H](C)c1cccs1)=O,0.10533608,0.10533607751131058,0.0,0.011095689,382.4890000000001,1.0
111,c1ccc2[nH]ccc2c1,C(/N=N/c1c2c(n(CC)c1C#N)cccc2)(=S)N,0.10533608,0.10533607751131058,0.0,0.011095689,257.32200000000006,1.0
111,O=C(Nc1ccccc1)C(=O)NC1CCCCCC1,c1(F)c(NC(=O)C(=O)N[C@@H]2CCCCC[C@@H]2C(=O)[O-])cccc1,0.10533608,0.10533607751131058,0.0,0.011095689,321.328,1.0
111,c1ccc(C[NH2+]Cc2ccccn2)cc1,c1c(C[NH2+]Cc2ncccc2F)ccc(Cl)c1F,0.10533608,0.10533607751131058,0.0,0.011095689,269.702,1.0
111,O=C(CSc1ccccc1)N[C@@H]1CC[NH+]2CCC[C@H]2C1,C(N[C@@H]1[C@@H](C)C[NH+]2CCC[C@H]2C1)(CSc1cc(Br)ccc1)=O,0.10533608,0.10533607751131058,0.0,0.011095689,384.36300000000006,1.0
111,c1ccc(C2CCNC2)cc1,C1CN(C(C)=S)C[C@]1(C(OC)OC)c1ccccc1,0.10533608,0.10533607751131058,0.0,0.011095689,279.405,1.0
111,O=C(COc1ccccc1)N1CC[NH2+]CC1,c1cc(OCC(N2CC[NH2+]CC2)=O)c(OC)cc1,0.10533608,0.10533607751131058,0.0,0.011095689,251.30599999999995,1.0
111,O=C(CC1C[C@H]2CC[C@@H](C1)[NH2+]2)Nc1ccccc1,C(Nc1c(Cl)cc(OC)cc1)(=O)CC1C[C@@H]2[NH2+][C@@H](CC2)C1,0.10533608,0.10533607751131058,0.0,0.011095689,309.8170000000001,1.0
111,c1ccc2c(c1)CCCC2,c12c(c(OC)ccc1)CCC[C@@H]2NC(C)=O,0.10533608,0.10533607751131058,0.0,0.011095689,219.28399999999996,1.0
111,C1CC2CCCN2C1,C1N2CCC[C@@H]2C[C@@H]1C(=O)[O-],0.16463901,0.16463901102542877,13.166667,0.027106006,154.189,1.0
127,O=C(NC[C@H]1CC[NH2+]C1)C(=O)Nc1ccccc1,C(=O)(NC[C@@H]1C[NH2+]CC1)C(=O)Nc1cc(F)c(OC)cc1,0.10533608,0.10533607751131058,0.0,0.011095689,296.322,1.0
127,O=C(NC1CCCCC1)c1ccccc1,C1(NC(=O)c2cc(C)c(F)cc2)CCC(C[NH3+])CC1,0.10533608,0.10533607751131058,0.0,0.011095689,265.352,1.0
127,c1ccccc1,c1cc(OC)c(NC(=O)C)cc1Cl,0.10533608,0.10533607751131058,0.0,0.011095689,199.637,1.0
127,O=C(Nc1ccccc1-c1ccccn1)c1ccccc1,[O-]C(=O)c1cccc(-c2ncccc2)c1NC(c1ccccc1F)=O,0.10533608,0.10533607751131058,0.0,0.011095689,335.314,1.0
127,c1ccc(CNC[C@H]2CCOC2)cc1,[C@H]1(CN(Cc2ccccc2)S(=O)(=O)C)[C@@H]([NH2+]C)COC1,0.10533608,0.10533607751131058,0.0,0.011095689,299.41600000000005,1.0
127,O=C(C[NH+]1CCN(Cc2ccccc2)CC1)NCCn1cc[nH+]c1,C(c1ccccc1Cl)N1CC[NH+](CC(N[C@@H](C)Cn2c[nH+]cc2)=O)CC1,0.10533608,0.10533607751131058,0.0,0.011095689,377.92000000000013,1.0
127,O=C(Nc1ccccc1)C(=O)N1CC[NH2+]CC1,C(N1CC[NH2+]CC1)(=O)C(Nc1c(C)c(F)ccc1)=O,0.10533608,0.10533607751131058,0.0,0.011095689,266.296,1.0
127,O=C(Nc1ccccc1)[C@@H]1C[C@H]2CCCN2C1,C1N2CCC[C@@H]2C[C@H]1C(Nc1c(OC(F)F)ccc(Br)c1)=O,0.10533608,0.10533607751131058,0.0,0.011095689,375.213,1.0
127,O=C(C[NH+]1CCC(c2ccccc2)=[NH+]C1)N1CCNCC1,[NH+]1(CC(N2CCN(C(=O)C)CC2)=O)CCC(c2ccc(Cl)cc2)=[NH+]C1,0.10533608,0.10533607751131058,0.0,0.011095689,364.87699999999995,1.0
127,O=C(NCc1ccccc1)NC1CCCC1,c1(F)ccc(CN(C(=O)N[C@H]2C[C@@H]([NH+](C)C)CC2)C)c(Cl)c1,0.10533608,0.10533607751131058,0.0,0.011095689,328.83900000000006,1.0
127,c1ccc(C[NH+]2CCCCC2)cc1,O(c1cc([C@H](C)[NH+]2C[C@@H](CNC(=O)N)CCC2)ccc1)C,0.10533608,0.10533607751131058,0.0,0.011095689,292.40299999999996,1.0
127,O=C(Nc1ccccc1)N1CCSCC1,C(Nc1ccc(F)cc1F)(N1CCSCC1)=O,0.10533608,0.10533607751131058,0.0,0.011095689,258.29299999999995,1.0
127,c1ccc(C[NH+]2CCCCC2)cc1,Fc1c(C[NH+]2CCC[C@H](NC(=O)C)C2)cccc1,0.10533608,0.10533607751131058,0.0,0.011095689,251.325,1.0
127,c1ccc(CN2CC[NH2+]CC2)cc1,[C@@H](N1CC[NH2+]CC1)(C(C)C)c1cccc(Br)c1,0.10533608,0.10533607751131058,0.0,0.011095689,298.248,1.0
127,O=C(NCCn1cc[nH+]c1)N[C@H]1CCOc2ccccc21,C(Cn1cc[nH+]c1)NC(=O)N[C@@H]1c2c(cccc2)OCC1,0.10533608,0.10533607751131058,0.0,0.011095689,287.34300000000013,1.0
127,O=c1ccccn1CN1CCOCC1,C(CC[C@@H]1CN(Cn2c(=O)ccc(Cl)c2)CCO1)(C)C,0.10533608,0.10533607751131058,0.0,0.011095689,298.8140000000001,1.0
140,c1ccccc1,c1([C@@H]([NH3+])C)cc(Cl)ccc1N(C)C(=O)C,0.10533608,0.10533607751131058,0.0,0.011095689,227.715,1.0
140,C1CC2CCCN2C1,C1C(C([O-])=O)CN2CCC[C@@H]12,0.16008928,0.16008928418159485,12.333333,0.02562858,154.189,1.0
140,O=C(Cc1ccccn1)N1CCCC(Cn2cc[nH+]c2)CC1,C1N(C([C@H](CC)c2ccccn2)=O)CCC(Cn2c[nH+]cc2)(O)CC1,0.10533608,0.10533607751131058,0.0,0.011095689,343.451,1.0
140,O=C(NCCN1CC[NH2+]CC1)Nc1ccn(-c2ccccc2)c1,C(C)[NH+]1CCN(CCNC(=O)Nc2cn(-c3cc(Cl)ccc3)cc2)CC1,0.10533608,0.10533607751131058,0.0,0.011095689,376.91200000000015,1.0
140,c1ccc(-c2ccccc2)cc1,c1c(C)cc(-c2cc(C(=O)[O-])ccc2)cc1C([O-])=O,0.10533608,0.10533607751131058,0.0,0.011095689,254.24099999999999,1.0
140,O=C(NCCn1cc[nH+]c1)c1cncc(N2CC[NH2+]CC2)c1,C1C[NH2+]CCN1c1cncc(C(=O)N[C@@H](Cn2cc[nH+]c2)C)c1,0.10533608,0.10533607751131058,0.0,0.011095689,316.40900000000005,1.0
140,c1ccc(-c2cccnc2)cc1,[N+](=O)(c1ccc(CC(=O)[O-])c(-c2cnccc2)c1)[O-],0.10533608,0.10533607751131058,0.0,0.011095689,257.225,1.0
140,c1ccc(C[NH2+][C@H]2CC[NH+]3CCC[C@@H]3C2)cc1,[C@@H]1(C)C[NH+]2CCC[C@@H]2C[C@H]1[NH2+]Cc1ccccc1O,0.10533608,0.10533607751131058,0.0,0.011095689,262.397,1.0
140,C(=[NH+]/CCn1ccnc1)\c1ccccc1,C(\c1ccc(OC)cc1)=[NH+]/CCn1c(C([O-])=O)cnc1,0.10533608,0.10533607751131058,0.0,0.011095689,273.292,1.0
140,O=S(=O)([N-]c1ccccn1)c1ccccc1,c1ccnc([N-]S(=O)(=O)c2ccc(C(=O)[O-])cc2)c1,0.10533608,0.10533607751131058,0.0,0.011095689,276.27299999999997,1.0
140,c1ccccc1,C[NH+](C)[C@H](c1cc(NC(=O)N)ccc1)CNC(=O)N,0.10533608,0.10533607751131058,0.0,0.011095689,266.325,1.0
140,O=C(C[NH+]1CCNCC1)NCCn1cc[nH+]c1,CC(N1CC[NH+](CC(N[C@H](Cn2cc[nH+]c2)C)=O)CC1)=O,0.10533608,0.10533607751131058,0.0,0.011095689,295.3870000000001,1.0
140,c1ccc(CNc2ccccc2)cc1,[NH+]([O-])(c1ccc(Cl)c(N[C@H](c2ccccc2F)C)c1)C,0.10533608,0.10533607751131058,0.0,0.011095689,294.75700000000006,1.0
155,O=C(CNC(=O)N[C@@H]1CCC[NH2+]C1)Nc1nccs1,N(C(CN(C)C(=O)N[C@@H]1CCC[NH+](NC(C)=O)C1)=O)c1sccn1,0.10533608,0.10533607751131058,0.0,0.011095689,355.444,1.0
155,C1C[NH+]2CCN1CC2,N12CC[NH+]([C@H](C([O-])=O)C1)CC2,0.10533608,0.10533607751131058,0.0,0.011095689,156.18499999999995,1.0
155,C1CNCC[NH2+]C1,C(C[NH+]1CCCN(C(C)=O)CC1)(=O)N[C@@H]([C@@H](C)O)C,0.10533608,0.10533607751131058,0.0,0.011095689,272.369,1.0
155,c1ccc(-c2ccc(C[NH+]3CCCCC3)s2)cc1,c1(-c2sc(C[NH+]3CCC[C@@H](NC(=O)C)C3)cc2)ccccc1,0.10533608,0.10533607751131058,0.0,0.011095689,315.462,1.0
155,C(CCc1ccccc1)=[NH+]C[C@@H]1COCN1,NC(CCc1c(C)cccc1)=[NH+]/C[C@@H]1COCN1,0.10533608,0.10533607751131058,0.0,0.011095689,248.35,1.0
155,O=C1CCN(Cc2ccccn2)CCN1,c1(C(C)N2C[C@@H](C)C(=O)NCC2)c(Cl)cccn1,0.10533608,0.10533607751131058,0.0,0.011095689,267.76,1.0
155,C1=C(c2ccccc2)N=NC1,c1(F)ccc(C2=C[C@@H](CC(=O)[O-])N=N2)cc1,0.10533608,0.10533607751131058,0.0,0.011095689,219.195,1.0
155,O=C(COc1ccccc1)Nc1ccccc1,Fc1cccc(OCC(=O)Nc2c(C)ccc(OC)c2)c1,0.10533608,0.10533607751131058,0.0,0.011095689,289.30600000000004,1.0
155,c1ccncc1,c1cccnc1[C@@H](C)OCC(C)(C)O,0.10533608,0.10533607751131058,0.0,0.011095689,195.26199999999997,1.0
155,c1ccccc1,[C@H](SCc1c(Cl)cc(Cl)cc1)(C(=O)[O-])C,0.10533608,0.10533607751131058,0.0,0.011095689,264.153,1.0
155,c1ccc(CCN2CC[NH+]3CCC[C@H]3C2)nc1,C1C[NH+]2CCN([C@H](CNC(=O)N)C(C)(c3ncccc3)CCC)C[C@@H]2C1,0.10533608,0.10533607751131058,0.0,0.011095689,360.5260000000002,1.0
155,O=C(Nc1ccccc1-c1cccnc1)C1CC[NH2+]CC1,C1C(C(Nc2c(-c3cccnc3)cccc2)=O)CC[NH+](CCOC)C1,0.10533608,0.10533607751131058,0.0,0.011095689,340.4470000000001,1.0
155,O=C(C[NH+]1CCN(Cc2ccccc2)CC1)NCCn1cc[nH+]c1,C(c1ccccc1F)N1CC[NH+](CC(N[C@@H](Cn2c[nH+]cc2)C)=O)CC1,0.10533608,0.10533607751131058,0.0,0.011095689,361.4650000000001,1.0
155,O=C(NCc1ccccc1)N1CCC(Cn2cc[nH+]c2)CC1,C1CN(C(NCc2c(Cl)cccc2)=O)CCC1Cn1c[nH+]cc1,0.10533608,0.10533607751131058,0.0,0.011095689,333.843,1.0
155,c1ccc(-c2ccccc2)cc1,c1c(C([O-])=O)cc(-c2ccc(C(OC)=O)cc2)cc1,0.10533608,0.10533607751131058,0.0,0.011095689,255.249,1.0
170,c1ccc(N2CCCCC2)cc1,c1(N2C[C@H](C)C[C@@H](C)C2)cc(C(=O)[O-])c(Cl)cc1,0.10533608,0.10533607751131058,0.0,0.011095689,266.748,1.0
170,c1ccc(C[NH+]2CCC(N3CC[NH2+]CC3)CC2)cc1,[NH3+]CC1(N2CC[NH2+]CC2)CC[NH+](Cc2ccccc2F)CC1,0.10533608,0.10533607751131058,0.0,0.011095689,309.4530000000001,1.0
170,O=C(NCc1ccccc1)C(=O)Nc1cnnc(N2CC[NH2+]CC2)c1,n1nc(N2CC[NH2+]CC2)cc(NC(C(=O)N[C@@H](c2ccc(F)cc2)C)=O)c1,0.10533608,0.10533607751131058,0.0,0.011095689,373.4120000000001,1.0
170,c1ccccc1,c1(Cl)ccc(Cl)c(N(C)C(=O)C)c1,0.10533608,0.10533607751131058,0.0,0.011095689,218.083,1.0
170,c1cn(C2CC2)cn1,C1C(n2c(C[NH2+]C)cnc2)C1,0.10533608,0.10533607751131058,0.0,0.011095689,152.221,1.0
170,O=C(Nc1ccccc1)C1CC1,O=C(Nc1ccc(Cl)cc1F)C1CC1,0.10533608,0.10533607751131058,0.0,0.011095689,213.63899999999995,1.0
170,O=C(NC1CCCC1)C1C=NN=C1,C1(N(C([C@H]2C=NN=C2C([O-])=O)=O)C)CCCC1,0.10533608,0.10533607751131058,0.0,0.011095689,236.25099999999992,1.0
170,O=S(=O)(NC1CCCC1)c1ccccc1,c1([O-])cc(C(=O)[O-])ccc1S(=O)(N[C@@H]1C(C)(C)CCC1)=O,0.10533608,0.10533607751131058,0.0,0.011095689,311.35900000000015,1.0
170,O=C(Nc1ccccc1)C1CC[NH2+]CC1,C(Nc1ccc([S@](C)=O)cc1)(=O)C1CC[NH2+]CC1,0.10533608,0.10533607751131058,0.0,0.011095689,267.37399999999997,1.0
170,O=C(N[C@@H]1CCCO1)[C@H]1C[C@H]2CCCC[C@@H]2[NH2+]1,O1CCC[C@H]1NC(=O)[C@@H]1[NH2+][C@H]2CCCC[C@@H]2C1,0.10533608,0.10533607751131058,0.0,0.011095689,239.3389999999999,1.0
170,c1ccc2ccccc2c1,[O-]C(c1cc2ccccc2c(C([O-])=O)c1)=O,0.10533608,0.10533607751131058,0.0,0.011095689,214.17599999999996,1.0
170,C1CC[C@@H](CNC[C@@H]2CCOC2)[NH2+]C1,[C@@H]1(CN(C[C@H]2COC[C@@H]2[NH2+]CC)C)CCCC[NH2+]1,0.10533608,0.10533607751131058,0.0,0.011095689,257.4219999999999,1.0
170,O=C(N[C@H]1C=CCC1)c1ccccc1,C([NH2+]Br)[C@@H]1C=C[C@H](NC(c2cc(C)ccc2)=O)C1,0.10533608,0.10533607751131058,0.0,0.011095689,310.2150000000001,1.0
170,O=S(=O)([N-]c1ccccc1)c1ccccc1,[O-][N+](=O)c1cccc([N-]S(=O)(c2ccc(C(=O)[O-])cc2)=O)c1,0.10533608,0.10533607751131058,0.0,0.011095689,320.28200000000004,1.0
170,O=C(Cn1cnnn1)NCCn1cc[nH+]c1,O=C(Cn1nnnc1)N[C@@H](Cn1cc[nH+]c1)C,0.10533608,0.10533607751131058,0.0,0.011095689,236.25900000000004,1.0
185,O=C(Nc1ccccc1-n1ccnc1)[C@@H]1C[C@H]2CCCN2C1,N12CCC[C@@H]1C[C@@H](C(Nc1c(-n3cncc3)cccc1)=O)C2,0.10533608,0.10533607751131058,0.0,0.011095689,296.3740000000001,1.0
185,c1ccc(-c2cccnc2)cc1,c1(C(=O)[O-])c(-c2ccc(Cl)cc2)cccn1,0.10533608,0.10533607751131058,0.0,0.011095689,232.64600000000002,1.0
185,c1ccc2[nH]ccc2c1,c1c(C(=O)[O-])cc2c(C([O-])=O)cn(CC)c2c1,0.10533608,0.10533607751131058,0.0,0.011095689,231.20699999999997,1.0
185,O=C(Nc1ccccc1)c1ccccc1,c1c(C)c(Cl)cc(NC(=O)c2cccc([N+](=O)[O-])c2)c1C,0.10533608,0.10533607751131058,0.0,0.011095689,304.73300000000006,1.0
185,C1C[NH2+]CCN1,C1C[NH2+]CCN1C[C@H](C)CN(C)C(=O)C,0.10533608,0.10533607751131058,0.0,0.011095689,214.33299999999997,1.0
185,O=C(C[NH2+]C1CCN(c2cc[nH+]cc2)CC1)NCc1cccnc1,C1CC([N+](C)(CC(NCc2cccnc2)=O)C)CCN1c1cc[nH+]cc1,0.10533608,0.10533607751131058,0.0,0.011095689,355.48600000000005,1.0
185,O=C(NCC1C=NN=C1)C1=NN=C(C2CC2)C1,C1(C2=NN=C(C(NC[C@@H]3C=NN=C3C(=O)[O-])=O)C2)CC1,0.10533608,0.10533607751131058,0.0,0.011095689,274.26000000000005,1.0
185,O=C(COc1ccccc1)Nc1[nH+]ccn1CC1CC1,[nH+]1ccn(CC2CC2)c1NC(COc1cc(F)ccc1)=O,0.10533608,0.10533607751131058,0.0,0.011095689,290.318,1.0
185,c1ncn(C[C@H]2CC3CCN2CC3)n1,C1C[C@H]2C[C@H](Cn3cncn3)N1CC2,0.29062808,0.2906280755996704,30.5,0.08446468,192.266,1.0
185,O=C1N=C(c2ccccc2)C[C@@H]1N1CC[NH2+]CC1,C1(=O)N=C(c2cc(F)ccc2)C[C@@H]1N1CC[NH2+]CC1,0.10533608,0.10533607751131058,0.0,0.011095689,262.308,1.0
185,O=C(NCc1cccs1)C1=NN=CC1,C1(C(F)(F)F)=NN=C(C(N[C@@H](C)c2sccc2)=O)C1,0.10533608,0.10533607751131058,0.0,0.011095689,289.2820000000001,1.0
185,O=C(Nc1ccccc1)C(=O)N[C@@H]1CCC[NH+](Cc2cccs2)C1,c1(F)c(C)cc(NC(C(N[C@H]2C[NH+](Cc3sc(Cl)cc3)CCC2)=O)=O)cc1,0.00019591892,0.00019591892487369478,0.0,0.011095689,410.92200000000014,3.4593818e-06
185,O=C(CC1C[C@@H]2CC[C@@H](C1)[NH2+]2)NCc1ccccc1,O=C(CC1C[C@H]2[NH2+][C@@H](CC2)C1)N[C@H](C)c1ccc(F)c(Cl)c1,0.10533608,0.10533607751131058,0.0,0.011095689,325.83500000000004,1.0
185,C1CN2CCC1C2,C1[C@@H]2C[C@@H](C(=O)[O-])N(C1)C2,0.14631894,0.1463189423084259,9.666667,0.021409234,140.16199999999998,1.0
185,O=S(=O)(NC1CCCC1)c1ccccc1,Fc1cc(NC(C)=O)ccc1S(N[C@H]1CCCC1(C)C)(=O)=O,0.10533608,0.10533607751131058,0.0,0.011095689,328.4090000000001,1.0
201,c1ccc(-c2ccccn2)cc1,O=C([O-])c1nc(-c2cccc(C([O-])=O)c2)ccc1,0.10533608,0.10533607751131058,0.0,0.011095689,241.202,1.0
201,O=C(COc1ccccc1)NCc1[nH]cc[nH+]1,C[C@@H](NC(COc1cc(Cl)ccc1)=O)c1n(C)cc[nH+]1,0.10533608,0.10533607751131058,0.0,0.011095689,294.76199999999994,1.0
201,O=C(NCC1CCOCC1)N1CCC(Cn2cc[nH+]c2)CC1,c1c[nH+]cn1CC1CCN(C(NC[C@H]2CCO[C@H](O)C2)=O)CC1,0.10533608,0.10533607751131058,0.0,0.011095689,323.4170000000001,1.0
201,c1ccc(C[NH2+]Cc2cncn2Cc2ccccc2)cc1,C([NH2+]Cc1ccc(Cl)cc1)c1n(Cc2ccccc2Cl)cnc1,0.10533608,0.10533607751131058,0.0,0.011095689,347.26900000000006,1.0
201,O=C(Nc1ccccc1)N[C@@H]1CCC[NH2+]C1,C(N[C@@H]1CCC[NH+](CCOC)C1)(Nc1c(Cl)cc(F)cc1)=O,0.10533608,0.10533607751131058,0.0,0.011095689,330.81100000000004,1.0
201,O=C(COc1ccccc1)NCc1cccnc1,c1c(OCC(=O)N[C@H](C)c2cccnc2)cccc1Cl,0.10533608,0.10533607751131058,0.0,0.011095689,290.75,1.0
201,c1ccc(CNc2ccccc2)cc1,c1cc(F)ccc1N[C@H](C)c1c(F)cccc1,0.10533608,0.10533607751131058,0.0,0.011095689,233.26099999999997,1.0
201,O=C(NCc1nccs1)N[C@H]1CC[NH+](C[C@@H]2C[C@@H]3C=C[C@H]2C3)C1,C(N[C@@H]1C[NH+](C[C@@H]2C[C@@H]3C=C[C@H]2C3)CC1)(=O)N[C@@H](C)c1sccn1,0.10533608,0.10533607751131058,0.0,0.011095689,347.50800000000004,1.0
201,O=S(=O)(Nc1ccc(-c2cccnc2)cc1)c1ccccc1,c1c(S(Nc2ccc(-c3cccnc3)cc2)(=O)=O)cc(C(=O)[O-])cc1,0.10533608,0.10533607751131058,0.0,0.011095689,353.37900000000013,1.0
201,c1cc(-c2cncnc2)ccn1,c1cnccc1-c1cncnc1,0.10533608,0.10533607751131058,0.0,0.011095689,157.17600000000002,1.0
201,O=C(Nc1cn[nH]c1)C(=O)N1CC[NH+](C2CC2)CC1,C1C([NH+]2CCN(C(C(=O)Nc3cn([C@@H](C)C#N)nc3)=O)CC2)C1,0.10533608,0.10533607751131058,0.0,0.011095689,317.37300000000016,1.0
201,O=S(=O)(Nc1ccccc1)c1ccccc1,Clc1ccc(Cl)c(NS(c2ccc(C([O-])=O)cc2)(=O)=O)c1,0.10533608,0.10533607751131058,0.0,0.011095689,345.1830000000001,1.0
201,O=S(=O)(Nc1ccccc1)c1ccccc1,c1(Cl)c(C)cc(NS(=O)(c2ccc(C([O-])=O)cc2)=O)c(C)c1,0.10533608,0.10533607751131058,0.0,0.011095689,338.7920000000001,1.0
201,O=S(=O)(NC1CCCC1)c1ccccc1,c1(C([O-])=O)ccc(S(=O)(=O)N[C@H]2CCC[C@@H]2C([O-])=O)cc1,0.10533608,0.10533607751131058,0.0,0.011095689,311.315,1.0
201,O=C(NCCCn1cc[nH+]c1)N1CCCCC1,C1N(C(=O)NCCCn2c[nH+]cc2)[C@@H](C)C[C@@H](C)C1,0.10533608,0.10533607751131058,0.0,0.011095689,265.3810000000001,1.0
201,O=C1CCCCC1,N(\O)=C(\[C@@H]1C(=O)CCC(C)(C)C1)C,0.10533608,0.10533607751131058,0.0,0.011095689,183.25099999999998,1.0
215,c1ccc(Cn2ccnc2)cc1,c1cc(OC)ccc1Cn1c(C[NH2+]C)cnc1,0.10533608,0.10533607751131058,0.0,0.011095689,232.30699999999996,1.0
215,O=C(Cn1cncn1)N[C@@H]1CCC[NH+](C2CCOCC2)C1,C1[C@@H](NC(=O)Cn2cncn2)C[NH+](C2C[C@@H](C)OCC2)CC1,0.10533608,0.10533607751131058,0.0,0.011095689,308.4060000000002,1.0
215,O=C(CC[NH2+]Cc1ccccc1)NCc1ccccc1,c1(Cl)c([C@@H](C)[NH+](C)CCC(=O)N(C)Cc2ccc(F)cc2)cccc1,0.10533608,0.10533607751131058,0.0,0.011095689,363.88399999999996,1.0
215,c1ccc(C[NH+]2CCN3CCC[C@@H]3C2)cc1,[NH+]1([C@H](c2ccccc2O)C)[C@H](C([O-])=O)CN2[C@H](CCC2)C1,0.10533608,0.10533607751131058,0.0,0.011095689,290.36300000000006,1.0
215,C1CN2CCC1CC2,[C@@H]1(C(=O)[O-])CN2CCC1CC2,0.30151135,0.30151134729385376,31.666666,0.090909086,154.189,1.0
215,c1ccccc1,[NH2+](Cc1c(O[C@@H](C(NC)=O)C)cccc1)C,0.10533608,0.10533607751131058,0.0,0.011095689,223.296,1.0
215,C1CCCC1,O=C(N[C@H]1CC[C@H](C([O-])=O)C1)C,0.10533608,0.10533607751131058,0.0,0.011095689,170.188,1.0
215,c1ccccc1,c1(Cl)ccc(N)c(C(=O)[O-])c1,0.10533608,0.10533607751131058,0.0,0.011095689,170.575,1.0
215,c1ccn(C2CC2)c1,O=C([O-])c1c(C(=O)[O-])cn(C2CC2)c1,0.10533608,0.10533607751131058,0.0,0.011095689,193.15799999999996,1.0
215,C1=[NH+][C@H](c2ccccc2)N=N1,[NH+]1=C(C(C)C)N=N[C@H]1c1ccc(OC)c(Cl)c1,0.10533608,0.10533607751131058,0.0,0.011095689,252.725,1.0
215,c1cncc(CNC[C@@H]2CC[NH2+]C2)c1,C(N(C[C@@H]1CC[NH2+]C1)S(C)(=O)=O)c1cnccc1,0.10533608,0.10533607751131058,0.0,0.011095689,270.37800000000004,1.0
215,N=C1CCC[C@H]([NH2+]CCc2cccnc2)C1,[C@@H]1([NH+](CCc2cccnc2)C)CC(=N)C[C@@H](CC)C1,0.10533608,0.10533607751131058,0.0,0.011095689,260.405,1.0
215,c1ccc(-c2cccnc2)cc1,c1ccc(-c2c(C(=O)[O-])nccc2)cc1,0.10533608,0.10533607751131058,0.0,0.011095689,198.201,1.0
215,O=C(NCCn1cc[nH+]c1)Nc1ccccc1,[C@@H](NC(=O)Nc1cc(Cl)ccc1F)(C)Cn1c[nH+]cc1,0.10533608,0.10533607751131058,0.0,0.011095689,297.741,1.0
229,c1ccccc1,c1cccc(CN(C(CS[C@H]([C@@H](C)O)C)=O)C)c1,0.10533608,0.10533607751131058,0.0,0.011095689,267.394,1.0
229,C1CCN2CCN(C1)C2,C1N2CN(CC[C@@]1(C(=O)[O-])C)CC2,0.17508121,0.17508120834827423,15.0,0.03065343,183.23099999999997,1.0
229,C1=NN=C(CSc2ncc3ccccc3n2)C1,C1C(C(=O)[O-])=NN=C1CSc1nc2c(c(C)ccc2C)c(CC)n1,0.10533608,0.10533607751131058,0.0,0.011095689,341.4160000000001,1.0
229,O=S(=O)(Nc1ccccc1)c1ccccc1,O=C([O-])c1ccc(S(=O)(Nc2ccc(C)cc2C)=O)cc1,0.10533608,0.10533607751131058,0.0,0.011095689,304.34700000000004,1.0
229,c1ccc(-c2cccnc2)cc1,c1c(C([O-])=O)ccc(-c2cccnc2)c1,0.10533608,0.10533607751131058,0.0,0.011095689,198.20100000000002,1.0
229,O=c1[nH]cnc2ncccc12,c1(Cl)cc(C)c2c(=O)n(C/C(=C\CCC)C)cnc2n1,0.10533608,0.10533607751131058,0.0,0.011095689,291.782,1.0
229,c1ccc(C[NH2+]CC[C@@H]2CCOC2)cc1,c1c(Cl)ccc([C@@H](C)[NH+](C)CC[C@@H]2[C@@H]([NH2+]CC)COC2)c1,0.10533608,0.10533607751131058,0.0,0.011095689,312.88500000000005,1.0
229,c1cnn(C2CCCCC2)c1,c1(C)nn([C@@H]2[C@@H](C)CCCC2)c(C[NH2+]C)c1,0.10533608,0.10533607751131058,0.0,0.011095689,222.35599999999994,1.0
229,O=S(=O)(Nc1ccccc1)c1ccccc1,O=S(=O)(c1ccc(C(=O)[O-])cc1)Nc1ccc(F)cc1,0.10533608,0.10533607751131058,0.0,0.011095689,294.283,1.0
229,C1=CCC=C1,[C@H]1(C[NH+](C[C@@H](C)C(=O)NC)C)C=C(Cl)C=C1,0.10533608,0.10533607751131058,0.0,0.011095689,243.758,1.0
229,c1ccccc1,c1c(O)c(C(=O)[O-])ccc1C([O-])=O,0.10533608,0.10533607751131058,0.0,0.011095689,180.11499999999995,1.0
229,c1ncn(CC2CCCCC2)n1,C1C(C[NH3+])CCC(Cn2cncn2)C1,0.10533608,0.10533607751131058,0.0,0.011095689,195.29000000000002,1.0
229,C1CN2CCCN(C1)C2,N12C[C@H](C([O-])=O)CN(C1)CCC2,0.23710239,0.23710238933563232,24.166666,0.056217544,169.20399999999998,1.0
229,C1CC2CCC[NH+]2C1,[C@@]1(NC(C)=O)(C(=O)[O-])C[NH+]2[C@@H](CCC2)C1,0.10533608,0.10533607751131058,0.0,0.011095689,212.24899999999994,1.0
245,C1=NN=C([C@@H]2C=C(c3cccnc3)N=N2)C1,c1c(C2=C[C@@H](C3=NN=C(C([O-])=O)C3)N=N2)cccn1,0.10533608,0.10533607751131058,0.0,0.011095689,254.229,1.0
245,O=C(NCC1CCC1)N1CCC(Cn2cccc2)CC1,C1(CNC(N2CCC(Cn3c(C(=O)[O-])ccc3)CC2)=O)CCC1,0.10533608,0.10533607751131058,0.0,0.011095689,318.39700000000016,1.0
245,c1cncc(C[NH+]2CCCCC2)c1,C([NH+]1C[C@@H](NC(C)=O)CCC1)c1c(Cl)nccc1,0.10533608,0.10533607751131058,0.0,0.011095689,268.768,1.0
245,C1CC2CCN(C1)CC2,C1CN2C[C@@H](C([O-])=O)C(CC2)C1,0.58002234,0.5800223350524902,55.166668,0.33642593,168.21599999999992,1.0
245,c1ccccc1,O=S(=O)(C)N(C)[C@@H](C)c1c(C[NH2+]C)cccc1,0.10533608,0.0,0.0,0.011095689,257.37899999999996,1.0
245,c1ccc2c(c1)ncn2C1CC1,c1n(C2CC2)c2c(F)ccc(C([O-])=O)c2n1,0.10533608,0.10533607751131058,0.0,0.011095689,219.195,1.0
245,O=S(=O)(Nc1ccccc1)c1ccccc1,c1cc(C(=O)[O-])ccc1S(Nc1c(C)ccc(Cl)c1)(=O)=O,0.10533608,0.10533607751131058,0.0,0.011095689,324.765,1.0
245,O=S(=O)(NC1CCCC1)c1ccccc1,c1cc(S(N[C@H]2C(C)(C)CCC2)(=O)=O)c(F)cc1C(=O)[O-],0.10533608,0.10533607751131058,0.0,0.011095689,314.358,1.0
245,c1ccc(CN2CCOCC2)cc1,c1c(F)c([C@H](N2CCOCC2)C([O-])=O)ccc1,0.14631894,0.1463189423084259,9.666667,0.021409234,238.23799999999997,1.0
245,c1ccc(C2CC2)cc1,c1cc(C[NH2+]C)c(C2CC2)cc1,0.10533608,0.10533607751131058,0.0,0.011095689,162.25599999999997,1.0
245,c1ccccc1,c1c(N(CCC(=O)[O-])C)cc(F)cc1,0.10533608,0.0,0.0,0.011095689,196.201,1.0
245,c1ncncn1,n1c([C@H](C(=O)[O-])C)nc(C)nc1N(C)C,0.113677785,0.11367778480052948,2.2333333,0.012922638,209.22899999999998,1.0
245,c1ccc2c(c1)CCC2,c12cc(C(=O)[O-])ccc1CCC2,0.10533608,0.10533607751131058,0.0,0.011095689,161.17999999999992,1.0
245,O=C(NCCn1cccn1)c1cccc(-c2cccnc2)c1,C(CNC(c1cc(-c2cccnc2)ccc1)=O)n1nccc1,0.10533608,0.10533607751131058,0.0,0.011095689,292.34200000000004,1.0
245,C1CCCC(N2CCC3CCCCC32)CC1,C1CCC2[C@H](C(=O)[O-])CN(C3CCCCCC3)C2C1,0.10533608,0.10533607751131058,0.0,0.011095689,264.38899999999995,1.0
245,C1CN(CN2CCSCC2)CCN1,C1[C@H](C)SCCN1CN1CCN(C(C)=O)CC1,0.10533608,0.10533607751131058,0.0,0.011095689,257.40299999999996,1.0
256,c1ccccc1,c1c(Cl)cc(C([O-])=O)c(NC(C)=O)c1,0.10533608,0.0,0.0,0.011095689,212.612,1.0
256,c1cnc2[nH]ccc2c1,c1(F)c2c(C([O-])=O)cn(CC)c2ncc1,0.10533608,0.10533607751131058,0.0,0.011095689,207.18399999999997,1.0
256,O=C1CN(Cc2cccnc2)CCN1,N1([C@H](c2cnccc2)C)CCNC(=O)C1,0.10533608,0.10533607751131058,0.0,0.011095689,205.26099999999994,1.0
256,C1CC[C@H]2NCC[C@H]2C1,C(=O)(C)N1[C@@H]2CCCC[C@@H]2CC1,0.10533608,0.10533607751131058,0.0,0.011095689,167.25199999999998,1.0
256,c1cncc(N2CCC(CNC3CCCCC3)CC2)c1,c1ccc(N2CCC(CN[C@H]3C[C@@H](C)CCC3)CC2)cn1,0.10533608,0.10533607751131058,0.0,0.011095689,287.45099999999996,1.0
256,c1ccc(CNC[C@@H]2CCN3CCC2C3)cc1,C1C2CCN1CC[C@H]2CNCc1c(F)cccc1,0.10533608,0.10533607751131058,0.0,0.011095689,248.34499999999997,1.0
256,c1ccc(Cn2cccn2)cc1,c1n([C@@H](c2c(F)cccc2)C)ncc1NC(=O)N,0.10533608,0.10533607751131058,0.0,0.011095689,248.261,1.0
256,O=C(NCc1[nH]cc[nH+]1)C1CCCC1,C1C[C@H](C(N[C@@H](c2n(C)cc[nH+]2)C)=O)C(C)(C)C1,0.10533608,0.10533607751131058,0.0,0.011095689,250.36599999999999,1.0
256,O=C(NCC[NH2+]C[C@H]1CCNC1)N1CCCCC1,C[C@@H](CNC(N1C[C@@H](C)CCC1)=O)[NH+](C)C[C@@H]1CNCC1,0.10533608,0.10533607751131058,0.0,0.011095689,297.467,1.0
256,[NH2+]=C(NC1CCCC1)N1CCCCC1,C1N(C(N[C@@H]2CCCC2(C)C)=[NH2+])C[C@@H](C)C[C@H]1C,0.10533608,0.10533607751131058,0.0,0.011095689,252.42599999999996,1.0
256,c1ccc(Cn2cccc2)cc1,C(c1cccn1Cc1c(C)ccc(C)c1)(=O)[O-],0.10533608,0.10533607751131058,0.0,0.011095689,228.271,1.0
270,c1ncn(C2CC2)c1C1CC1,C1C(n2c(C3CC3)cnc2)C1,0.10533608,0.10533607751131058,0.0,0.011095689,148.20899999999997,1.0
270,[NH2+]=C(NCC1CCN(c2cc[nH+]cc2)CC1)NC1CCCC1,C1C(CNC(N[C@H]2CCCC2(C)C)=[NH2+])CCN(c2cc[nH+]cc2)C1,0.10533608,0.10533607751131058,0.0,0.011095689,331.508,1.0
270,O=S(=O)(Cc1ccccc1)NC1CCCC1,c1cccc(CS(=O)(N[C@@H]2C(C)(C)CCC2)=O)c1,0.10533608,0.10533607751131058,0.0,0.011095689,267.39399999999995,1.0
270,c1ncncn1,c1(N)nc(C)nc([C@H](C(=O)[O-])C)n1,0.10533608,0.10533607751131058,0.0,0.011095689,181.17499999999998,1.0
270,C1CC2CCN(C1)CN(CC1CC[NH2+]CC1)CC2,C1CN2CCCC1CCN(CC1CC[NH2+]CC1)C2,0.10533608,0.10533607751131058,0.0,0.011095689,252.4259999999999,1.0
270,[NH2+]=C(Nc1ccccc1)OC1CCCCC1,C(O[C@@H]1CCC[C@@H](C)C1)(=[NH2+])Nc1c(C)ccc(Cl)c1,0.10533608,0.10533607751131058,0.0,0.011095689,281.807,1.0
270,O=S(=O)(NCc1ccccc1)c1ccccc1,O=S(c1cc(C(=O)[O-])ccc1)(=O)N[C@H](C)c1ccc(F)cc1,0.10533608,0.10533607751131058,0.0,0.011095689,322.33700000000005,1.0
270,c1ccc(CN2CCOCC2)cc1,c1ccc([C@@H](N2CCOCC2)C([O-])=O)cc1Br,0.10533608,0.10533607751131058,0.0,0.011095689,299.14399999999995,1.0
270,c1ncn(CCNC2=[NH+]N3CCCC(CC3)CN2)n1,N12CCC([C@H](C)NC(NCCn3cncn3)=[NH+]1)CCC2,0.10533608,0.10533607751131058,0.0,0.011095689,278.38400000000007,1.0
270,c1ccc(N2CC[NH2+]CC2)cc1,C1C[NH2+]CCN1c1c(C([O-])=O)ccc(Cl)c1,0.10533608,0.10533607751131058,0.0,0.011095689,240.69,1.0
270,c1ccc(C[NH2+]Cc2ccccc2)cc1,C[NH+](Cc1c(O[C@@H](C#N)C)cccc1)Cc1ccccc1F,0.10533608,0.10533607751131058,0.0,0.011095689,299.369,1.0
270,c1cncnc1,c1ccnc([C@H]([C@@H](C)C(=O)[O-])CC)n1,0.10533608,0.10533607751131058,0.0,0.011095689,193.22599999999994,1.0
270,C1CC[C@H]2CC[NH+]2CC1,C([O-])(=O)[C@]1(Cl)CC[C@@H]2[NH+](CC1)CC2,0.10533608,0.10533607751131058,0.0,0.011095689,203.66899999999998,1.0
270,c1c[nH]c(C[NH2+]C[C@@H]2C[NH+]3CCN2CC3)c1,C([NH2+]C[C@H]1N2CC[NH+](CC2)C1)c1cccn1CC,0.10533608,0.10533607751131058,0.0,0.011095689,250.38999999999996,1.0
283,c1ccccc1,C([C@H](c1ccc(F)cc1)[NH+](C)C)[NH2+][O-],0.10533608,0.0,0.0,0.011095689,199.24899999999997,1.0
283,c1ccc(-c2cccc3c2N=NC3)cc1,N1=Nc2c(-c3ccccc3)cc(C(=O)[O-])cc2C1,0.10533608,0.10533607751131058,0.0,0.011095689,237.23799999999994,1.0
283,C1CN2CCC1CC2,C1[C@H](C(=O)[O-])C2CCN1CC2,0.5182877,0.518287718296051,50.5,0.26862213,154.18899999999996,1.0
283,c1ccc(C[NH2+]Cc2cccs2)cc1,[NH2+]([C@@H](C)c1c(O)cccc1)Cc1sc(Cl)cc1,0.10533608,0.10533607751131058,0.0,0.011095689,268.78899999999993,1.0
283,O=S(=O)(NCc1ccc[nH]1)c1ccccc1,N([C@H](c1cccn1CC)C)S(=O)(=O)c1cccc(Cl)c1,0.10533608,0.10533607751131058,0.0,0.011095689,312.822,1.0
283,,N([C@H]([C@H](C)C([O-])=O)C)C(=O)[C@@H](C)C(=O)C,0.10533608,0.10533607751131058,0.0,0.011095689,214.24099999999999,1.0
283,c1c[nH]c(C[NH2+]Cc2c[nH]c3ccccc23)c1,[NH2+](Cc1cn(CC)c2c1cccc2)[C@H](c1n(C)ccc1)C,0.10533608,0.10533607751131058,0.0,0.011095689,282.41100000000006,1.0
283,C1CN2CC1C2,C1N2[C@H](C(=O)[O-])C[C@@H]1C2,0.15305676,0.15305675566196442,11.0,0.023426369,126.13499999999999,1.0
283,O=C(CSC1=[NH+]CCN1)NCc1ccccc1,Fc1c([C@H](C)NC(CSC2=[NH+]CCN2)=O)cccc1,0.10533608,0.10533607751131058,0.0,0.011095689,282.364,1.0
283,C1CN2CCC1C2,C1N2C(C(=O)[O-])CC1CC2,0.30151135,0.30151134729385376,31.666666,0.090909086,140.16199999999998,1.0
283,O=C(NCc1ccccc1)NC[C@H]1CCC[NH+]1Cc1ccccc1,[NH+]1(Cc2ccccc2)[C@@H](CNC(=O)N[C@@H](c2ccc(F)cc2)C)CCC1,0.10533608,0.10533607751131058,0.0,0.011095689,356.46500000000015,1.0
283,C1CC2CCC(C1)CC2,C1CC2CCC(C[C@@H]2C(=O)[O-])C1,0.10533608,0.10533607751131058,0.0,0.011095689,167.22799999999998,1.0
283,O=C(C[NH2+]Cc1ccccc1)N1CCOCC1,c1c(O)ccc([C@H]([NH+](C)CC(=O)N2CCOC(C)(C)C2)C)c1,0.10533608,0.10533607751131058,0.0,0.011095689,307.41400000000004,1.0
296,C1CN2CCC1C2,O=C([C@H]1C2CCN(C2)C1)[O-],0.5955229,0.5955228805541992,56.333332,0.35464752,140.16200000000003,1.0
296,C1CCCC1,O(C([C@]1(C)CC[C@@](C(=O)[O-])(C)C1[C@@H](C)C)C)C,0.10533608,0.10533607751131058,0.0,0.011095689,241.35099999999997,1.0
296,O=C(NCC1CCN(C(=O)NCC2CC2)C1)C1CCN2CC[NH+]12,[NH+]12CCN1CCC2C(NCC1CCN(C(=O)NCC2CC2)C1)=O,0.10533608,0.10533607751131058,0.0,0.011095689,322.4330000000001,1.0
296,O=C(NC1CCCC1)N1CCC(Cn2cc[nH+]c2)CC1,C1(Cn2cc[nH+]c2)CCN(C(N[C@H]2C(C)(C)CCC2)=O)CC1,0.10533608,0.10533607751131058,0.0,0.011095689,305.4460000000001,1.0
296,c1nn2cc1CCC2,C1CCN2C=C1C(C#N)=N2,0.10533608,0.10533607751131058,0.0,0.011095689,133.15399999999997,1.0
296,C1CC2CCN(C1)C2,C1CN2[C@H](C([O-])=O)CC(C1)C2,0.2257568,0.22575679421424866,22.666666,0.050966132,154.18899999999996,1.0
296,O=C(CCn1cc[nH+]c1)NCc1cccnc1,CC[C@@H](Cn1cc[nH+]c1)C(N([C@@H](c1cnccc1)C)C)=O,0.10533608,0.10533607751131058,0.0,0.011095689,287.38700000000006,1.0
296,c1ccc(COc2ccccc2)cc1,C([O-])(=O)c1c(OCc2cc(Br)ccc2)cccc1,0.10533608,0.10533607751131058,0.0,0.011095689,306.135,1.0
296,O=C(CNC(=O)N1CCC2CC[C@H]2C1)Nc1ccccc1,[C@H]12CN(C(=O)NCC(Nc3c(C)ccc(Cl)c3)=O)CCC1CC2,0.10533608,0.10533607751131058,0.0,0.011095689,335.8350000000002,1.0
296,c1ccc(C[NH+]2CCN(CN3CCOCC3)CC2)cc1,C1CN(CN2CCO[C@H](CC)C2)CC[NH+]1Cc1ccccc1O[C@H](C#N)C,0.10533608,0.10533607751131058,0.0,0.011095689,373.521,1.0
296,C1CC2CCCN2C1,C[C@@H]1CN2[C@H](CC(C(OC)=O)C2)C1,0.16556351,0.16556350886821747,13.333333,0.027411275,183.25099999999995,1.0
296,O=C(Nn1cccc1)N1CC[NH2+]CC1,c1cccn1NC(N1CC[NH2+]CC1)=O,0.10533608,0.10533607751131058,0.0,0.011095689,195.24599999999995,1.0
296,c1ccc(C[NH2+]C2CCNCC2)cc1,[NH2+](C1CCN(C(C)=O)CC1)Cc1ccc(Cl)cc1,0.10533608,0.10533607751131058,0.0,0.011095689,267.78,1.0
309,c1c[nH]c(C[NH2+]Cc2cccn[nH+]2)c1,C[NH+]([C@@H](c1cccn[n+]1C)C)Cc1cccn1CC,0.10533608,0.10533607751131058,0.0,0.011095689,260.385,1.0
309,c1cc(N2CCC(CN[C@H]3CC[NH2+]C3)CC2)cc[nH+]1,C1N(c2cc[nH+]cc2)CCC(CN[C@H]2CC[NH2+]C2)C1,0.10533608,0.10533607751131058,0.0,0.011095689,262.40099999999995,1.0
309,C1CC2CCN(C1)CC2,C1CN2[C@H](C(=O)[O-])CCC1CC2,0.28757787,0.28757786750793457,30.166666,0.08270103,168.21599999999998,1.0
309,C1CN2CCC1C2,C1CN2C[C@@H](C(=O)[O-])[C@@H]1C2,0.55124515,0.5512451529502869,53.0,0.30387124,140.16199999999995,1.0
309,C1CC2CCN2C1,C1CCC2[C@H](C(=O)[O-])CN12,0.34651598,0.3465159833431244,36.166668,0.12007332,140.16199999999998,1.0
309,c1ccc(N2CCCCC2)cc1,CC1CCN(c2c(Cl)cc(C([O-])=O)cc2)C[C@H]1C,0.10533608,0.10533607751131058,0.0,0.011095689,266.748,1.0
309,O=S(=O)([N-]c1ncn[nH]1)c1ccccc1,c1ccc(S(=O)([N-]c2ncnn2C)=O)c(Br)c1,0.10533608,0.10533607751131058,0.0,0.011095689,316.15999999999997,1.0
309,C1CC2CN(C1)C2,C12CN(CC(C([O-])=O)C1)C2,0.18717834,0.1871783435344696,17.0,0.035035733,140.16199999999998,1.0
309,O=C(NCc1cccs1)C1CCCC1,s1c([C@@H](C)NC(=O)[C@@H]2CCCC2(C)C)ccc1,0.10533608,0.10533607751131058,0.0,0.011095689,251.39499999999995,1.0
309,O=C1CCNC1,CN1C[C@H](C(=O)[O-])C(=O)C1,0.15219863,0.15219862759113312,10.833333,0.023164421,142.134,1.0
309,c1nnnn1C1CC1,[C@H](O)(c1nnnn1C1CC1)CSC,0.10533608,0.10533607751131058,0.0,0.011095689,200.267,1.0
309,C1CN2CCC1C2,[O-]C([C@@H]1C2CCN(C2)C1)=O,0.46679974,0.4667997360229492,46.5,0.21790199,140.16200000000003,1.0
309,O=C(NC[C@H]1CC[NH2+]C1)N(Cc1ccccc1)C1CCCCC1,C1CCCC[C@H]1N(C(NC[C@H]1CC[NH2+]C1)=O)Cc1ccccc1,0.10533608,0.10533607751131058,0.0,0.011095689,316.46899999999994,1.0
317,c1ccc(CNCc2ccncc2)cc1,c1cc(CN(C)[C@@H](C)c2c(F)cccc2)cc(C(O)=O)n1,0.10533608,0.10533607751131058,0.0,0.011095689,288.322,1.0
317,C1C[NH2+]CC([C@@H]2C3CCCCN2C3)C1,C12[C@@H](C3CCC[NH2+]C3)N(C1)[C@H](C(=O)[O-])CCC2,0.10533608,0.10533607751131058,0.0,0.011095689,238.33099999999996,1.0
317,C1CC[C@H]2CCCN2CC1,C1N2[C@@H](C([O-])=O)CCCC[C@H]2CC1,0.26838994,0.2683899402618408,28.0,0.07203316,182.24299999999997,1.0
317,C1CCN2CCCCC2C1,C1N2[C@@H](C[C@@H](C(=O)[O-])CC2)CCC1,0.47523892,0.4752389192581177,47.166668,0.22585204,182.24299999999994,1.0
317,C1CC2CCN(C1)CC2,[C@H]1(C([O-])=O)CN2CCCC1CC2,0.721205,0.7212049961090088,66.166664,0.52013665,168.216,1.0
317,c1ccccc1,O=C(c1cc(C)ccc1O)[O-],0.10533608,0.0,0.0,0.011095689,151.141,1.0
317,c1ccncc1,c1ccnc(C[C@@H]([C@@H](C([O-])=O)C)CC)c1,0.10533608,0.10533607751131058,0.0,0.011095689,206.26499999999996,1.0
317,C1CCC2CCN(CC1)C2,C1CCC2CN(CC2)CC1[C@H](C)C([O-])=O,0.18926856,0.189268559217453,17.333334,0.03582259,210.29700000000003,1.0
321,C1CCN2CCC(C1)CC2,[C@@H]1(C(=O)[O-])CN2CCC1CCCC2,0.28155628,0.28155627846717834,29.5,0.07927394,182.24299999999997,1.0
321,c1ccc(CN2CCOCC2)cc1,Clc1c([C@H](C(=O)[O-])N2C[C@@H](C)OCC2)cccc1,0.10533608,0.10533607751131058,0.0,0.011095689,268.7199999999999,1.0
321,C1CCN2CCCCC2C1,[C@@H]1(C(=O)[O-])C2CCCCN2CCC1,0.19032174,0.19032174348831177,17.5,0.03622237,182.24299999999997,1.0
321,C1CCN2CCC(C1)CC2,C1C2CCN(C[C@H]2C([O-])=O)CC[C@H]1C,0.31762025,0.31762024760246277,33.333332,0.10088262,196.26999999999995,1.0
331,C1CCN2CCC(C1)CC2,C1N2CCC(CC[C@H](C([O-])=O)C2)C1,0.39813015,0.3981301486492157,40.833332,0.15850762,182.24299999999997,1.0
331,C1CN2CCC1C2,C1[C@H]2[C@@H](C([O-])=O)CN1CC2,0.8343433,0.8343433141708374,77.0,0.6961288,140.16199999999998,1.0
331,O=C(C[NH+]1CCCC1)NCc1cccnc1,n1cccc(CN(C(C[NH+]2CCC[C@@H]2NC(=O)C)=O)C)c1,0.10533608,0.10533607751131058,0.0,0.011095689,291.375,1.0
331,O=C(NCCc1ccccc1)C1CCN(c2cc[nH+]cc2)CC1,C1(C(=O)NCCc2ccccc2)CCN(c2cc[nH+]cc2)CC1,0.10533608,0.10533607751131058,0.0,0.011095689,310.4210000000001,1.0
331,C1CN2CCC1C2,[C@H]1(C(=O)[O-])C[C@H]2CCN1C2,0.658927,0.6589270234107971,61.166668,0.43418482,140.162,1.0
331,C1CN2CC1C2,O=C([C@H]1[C@@H]2CN(C2)C1)[O-],0.28909966,0.28909966349601746,30.333334,0.083578624,126.13500000000002,1.0
331,O=C(CNCc1ccccc1)NCc1ccccc1,N(Cc1cc(F)ccc1)(CC(=O)N[C@H](c1ccc(F)cc1)C)C,0.10533608,0.10533607751131058,0.0,0.011095689,318.3670000000001,1.0
331,C1CCN2CCC2C1,C([O-])(=O)[C@@H]1CN2C[C@@H](C)CCC21,0.23199898,0.2319989800453186,23.5,0.053823527,168.21599999999998,1.0
331,C1CN2CCC12,N12CCC1[C@@H](C(=O)[O-])C2,0.51175284,0.5117528438568115,50.0,0.26189098,126.13499999999999,1.0
331,C1CCN2CCCC2C1,C1CN2CC[C@H](C([O-])=O)C2CC1,0.26553547,0.26553547382354736,27.666666,0.07050909,168.21599999999995,1.0
338,C1CCN2CCC(C1)CC2,C1N2CCC(CCCC2)[C@H]1C(=O)[O-],0.30627465,0.3062746524810791,32.166668,0.09380416,182.243,1.0
338,C1CC2CCCN(C1)C2,C1N2CCCC1[C@H](C([O-])=O)CC2,0.40394187,0.4039418697357178,41.333332,0.16316903,168.21599999999995,1.0
338,C1CCN2CCC2C1,C1[C@@H](C)CN2C(C1)[C@@H](C([O-])=O)C2,0.26838994,0.2683899402618408,28.0,0.07203316,168.21599999999995,1.0
338,C1CN2CCC12,C1C[C@H]2[C@@H](C([O-])=O)CN12,0.3110974,0.3110974133014679,32.666668,0.096781604,126.135,1.0
338,C1C[C@@H]2CCN2C1,[C@@H]1(C(=O)[O-])C[C@@H]2CCN2C1,0.3866648,0.38666480779647827,39.833332,0.14950968,140.162,1.0
338,C1CCN2CCCCC2C1,C1N2CCCC[C@@H]2C[C@H](C([O-])=O)C1,0.23839363,0.238393634557724,24.333334,0.056831524,182.24299999999997,1.0
338,C1CC2CCN(C1)C2,C1N2C[C@@H](C([O-])=O)C1CCC2,0.68856305,0.6885630488395691,63.5,0.47411907,154.18899999999996,1.0
350,O=C(NCCC[NH+]1CCCCC1)N1CCOCC1,C[C@@H]1OCCN(C(NCCC[NH+]2C[C@@H](C)CCC2)=O)C1,0.10533608,0.10533607751131058,0.0,0.011095689,284.424,1.0
350,C1CCN2CCCCC2C1,C12CCCCN1CC[C@@H](C([O-])=O)C2,0.41571862,0.41571861505508423,42.333332,0.17282197,182.243,1.0
350,C1CC[NH+](CN2CCCC3CCN(CC3)C2)CC1,C1N2CCC(CCCN1C[NH+]1CCC(C(=O)N(C)C)CC1)CC2,0.10533608,0.10533607751131058,0.0,0.011095689,323.50500000000017,1.0
350,C1CC2CCN2C1,C12N(CCC1)CC2C(=O)[O-],0.6481514,0.6481513977050781,60.333332,0.4201002,140.16199999999998,1.0
350,C1CN2CCC12,[O-]C([C@@H]1CN2CC[C@@H]12)=O,0.7933401,0.7933400869369507,72.666664,0.6293885,126.13499999999999,1.0
350,C1CCN2CCCC2C1,[O-]C(=O)[C@H]1CN2C(CCCC2)C1,0.47312304,0.47312304377555847,47.0,0.22384542,168.21599999999998,1.0
350,C1CC2CCN2C1,[O-]C(=O)[C@H]1CN2C1CCC2,0.6822874,0.6822873950004578,63.0,0.46551606,140.162,1.0
350,C1CC2CCCN(C1)CC2,N12CCCC([C@@H](C([O-])=O)C1)CCC2,0.41177067,0.41177067160606384,42.0,0.16955508,182.24299999999994,1.0
350,C1CCN2CCCC(C1)CCC2,N\C[C@@H]1CN2CCCC(CCCC2)C1,0.10533608,0.10533607751131058,0.0,0.011095689,196.33799999999994,1.0
350,c1ccccc1,[NH2+](Cc1c(O[C@H](C)C#N)cccc1)C,0.10533608,0.0,0.0,0.011095689,191.254,1.0
350,C1CCN2CCCC(C1)CC2,C1CC2CCCCN([C@@H]1C(=O)[O-])CC2,0.28006727,0.2800672650337219,29.333334,0.07843768,196.26999999999998,1.0
350,C1CCN2CC[C@H]2C1,C1C[C@H](C([O-])=O)C[C@@H]2CCN12,0.85652417,0.8565241694450378,79.666664,0.7336337,154.189,1.0
360,C1CC2CCN2C1,C1[C@H](C([O-])=O)N2C1CCC2,0.43781543,0.43781542778015137,44.166668,0.19168234,140.16199999999998,1.0
360,C1CC2CCC2C1,C12CCCC1[C@H](C([O-])=O)C2,0.10533608,0.10533607751131058,0.0,0.011095689,139.17399999999998,1.0
360,C1C[C@@H]2CCN2C1,[C@@H]12CCN1C[C@@H](C([O-])=O)C2,0.48587582,0.48587581515312195,48.0,0.2360753,140.16199999999998,1.0
360,C1C[C@H]2CCN2C1,C1[C@@H](C(=O)[O-])C[C@H]2CCN12,0.3361016,0.33610159158706665,35.166668,0.11296428,140.16199999999998,1.0
360,C1CC2CCCN2C1,[C@@H]1(C(=O)[O-])C[C@@H]2N(CCC2)C1,0.5711601,0.571160078048706,54.5,0.32622382,154.189,1.0
360,c1cc(N2CCCCC2)ncn1,C1C[C@H](C(=O)[O-])CCN1c1ncncc1,0.1329317,0.1329316943883896,6.8333335,0.017670834,206.22500000000002,1.0
360,C1CCN2CCC[C@H]2C1,C1[C@@H]2N(CC1)C[C@@H](C([O-])=O)CC2,0.5248445,0.5248445272445679,51.0,0.27546176,168.21599999999995,1.0
360,C1CC2CCCN(C1)CC2,[O-]C(=O)[C@@H]1CC2CCN(CCC2)C1,0.41770086,0.417700856924057,42.5,0.17447402,182.24299999999997,1.0
360,C1CC2CCCN(C1)CC2,[O-]C(=O)[C@H]1C2CCCN(CCC2)C1,0.3866648,0.38666480779647827,39.833332,0.14950968,182.24299999999997,1.0
360,C1CCC2CCCN2CC1,[C@@H]1(C(=O)[O-])CCN2CCCCCC12O,0.16008928,0.16008928418159485,12.333333,0.02562858,198.242,1.0
371,C1CCCN2CCC(CC1)CC2,[O-]C(=O)[C@H]1CN2CCC([C@H](C([O-])=O)C2)CCCC1,0.10533608,0.10533607751131058,0.0,0.011095689,253.29799999999994,1.0
371,C1CCC2CCCN2CC1,C1CCC2C[C@H](C([O-])=O)CN2CC1,0.2220838,0.22208380699157715,22.166666,0.049321216,182.24299999999997,1.0
371,C1C[C@H]2CCN2C1,C1N2CC[C@@H]2C[C@H]1C([O-])=O,0.344764,0.34476399421691895,36.0,0.11886222,140.16199999999998,1.0
371,C1CC2CCN(C1)CC2,C1N2C[C@@H](C(=O)[O-])C(CCC2)[C@@H]1C([O-])=O,0.33782104,0.33782103657722473,35.333332,0.11412305,211.21699999999996,1.0
371,C1CC2CCCN2C1,[O-]C(=O)[C@@H]1C2CCCN2CC1,0.59994584,0.5999458432197571,56.666668,0.35993502,154.189,1.0
371,C1C[C@H]2CCN(C1)C2,N12C[C@H]([C@@H](C(=O)[O-])C1)CCC2,0.77952623,0.7795262336730957,71.333336,0.6076611,154.189,1.0
371,C1C[C@@H]2CCN2C1,C1C[C@@H]2[C@@H](C([O-])=O)CN2C1,0.69685924,0.6968592405319214,64.166664,0.48561278,140.162,1.0
371,C1CCC2CCN(CC1)CC2,[C@H]1(C(=O)[O-])CN2CCC(CCC1)CC2,0.28606263,0.286062628030777,30.0,0.08183183,196.26999999999995,1.0
371,C1CN2CN1C2,N12CN(C1)[C@@H](C([O-])=O)C2,0.14631894,0.1463189423084259,9.666667,0.021409234,127.12299999999998,1.0
371,C1CC[C@H]2CC[NH+]2CC1,C1C[NH+]2CC[C@@H]2[C@H](C([O-])=O)CC1,0.10533608,0.10533607751131058,0.0,0.011095689,169.22399999999996,1.0
371,C1CCN2CCC[C@@H]2C1,[C@@H]1(C(=O)[O-])CN2CCC[C@@H]2CC1,0.37914106,0.37914106249809265,39.166668,0.14374796,168.216,1.0
378,C1CN2CCC12,C1[C@H](C(=O)[O-])[C@H]2CCN12,0.5248445,0.5248445272445679,51.0,0.27546176,126.13499999999999,1.0
378,C1CN2CCC12,C([O-])([C@@H]1CN2CC[C@H]12)=O,0.41177067,0.41177067160606384,42.0,0.16955508,126.13499999999999,1.0
378,C1CC2CCN(C1)CC2,C12CCN(CCC1)[C@H](C(=O)[O-])C2,0.3110974,0.0,32.666668,0.096781604,168.21599999999998,1.0
378,C1C[C@H]2CCN2C1,[O-]C([C@@H]1[C@H]2N(CCC2)C1)=O,0.41374192,0.41374191641807556,42.166668,0.17118236,140.162,1.0
378,C1CCN2CNC[C@@H](C1)C2,C1CCCN2C[C@H]1CNC2C([O-])=O,0.10533608,0.10533607751131058,0.0,0.011095689,183.231,1.0
378,C1CCN2CCC[C@@H]2C1,N12[C@H]([C@@H]([O-])CC1)CCCC2,0.21726985,0.21726985275745392,21.5,0.047206186,140.20600000000002,1.0
378,O=C(NCc1nccs1)C1CCN(c2cc[nH+]cc2)CC1,C1CC(C(=O)N[C@H](c2nccs2)C)CCN1c1cc[nH+]cc1,0.10533608,0.10533607751131058,0.0,0.011095689,317.438,1.0
386,C1CCN2CCC2C1,C1CN2C[C@@H](C([O-])=O)C2CC1,0.23710239,0.23710238933563232,24.166666,0.056217544,154.18899999999994,1.0
386,C1CCN2CCC[C@H]2C1,[C@@H]12N(CC[C@H](C(=O)[O-])C1)CCC2,0.3866648,0.38666480779647827,39.833332,0.14950968,168.21599999999995,1.0
386,C1CC2CCCN2C1,N12C[C@@H](C(=O)[O-])CC1CCC2,0.25712654,0.2571265399456024,26.666666,0.06611406,154.18899999999996,1.0
386,C1C[C@H]2CCN2C1,[O-]C(=O)[C@@H]1CN2[C@H]1C[C@H](C([O-])=O)C2,0.15134509,0.15134508907794952,10.666667,0.022905335,183.16299999999998,1.0
386,C1CC2CCN2C1,C1C2N(CCC2)[C@@H]1C(=O)[O-],0.21726985,0.21726985275745392,21.5,0.047206186,140.16199999999998,1.0
386,O=C(NCc1nnc[nH]1)N[C@@H]1CCOC1,C1OCC[C@H]1NC(=O)N[C@@H](C)c1n(C)cnn1,0.10533608,0.10533607751131058,0.0,0.011095689,239.279,1.0
386,C1CC2CCN2C1,C1C2N(CC2)CC1C(=O)[O-],0.26270685,0.26270684599876404,27.333334,0.069014885,140.16199999999998,1.0
386,C1CCN2CCC[C@@H]2C1,C1[C@@H](C(=O)[O-])C[C@H]2N1CCCC2,0.24627131,0.2462713122367859,25.333334,0.060649563,168.21599999999995,1.0
398,C1CCN2CC[C@H]2C1,[C@@H]1(C(=O)[O-])CC[C@@H]2CCN2C1,0.5030776,0.5030776262283325,49.333332,0.25308707,154.189,1.0
398,C1CCN2CCCC2C1,[O-]C(=O)[C@H]1CC2CCCCN2C1,0.3242487,0.32424870133399963,34.0,0.105137214,168.21599999999998,1.0
398,C1CC[C@H]2CN2CC1,C1C[C@H](C([O-])=O)N2[C@@H](CC1)C2,0.16098961,0.16098961234092712,12.5,0.025917653,154.18899999999996,1.0
398,C1C[C@@H]2CCN2C1,[C@H]12[C@@H](C([O-])=O)CCN1CC2,0.73498863,0.7349886298179626,67.333336,0.5402083,140.162,1.0
398,C1CN2CCN(C1)C2,O=C([O-])[C@@H]1CN2CN(CC2)C1,0.5556652,0.5556651949882507,53.333332,0.30876383,155.177,1.0
398,C1C[C@H]2CN2C1,C1(C([O-])=O)[C@@H]2CCCN12,0.47312304,0.47312304377555847,47.0,0.22384542,126.135,1.0
398,c1ccc(CN2CCOCC2)cc1,c1ccc(Cl)c([C@H](N2CCOCC2)C(=O)[O-])c1,0.10533608,0.10533607751131058,0.0,0.011095689,254.69299999999993,1.0
398,C1C[C@H]2CCN2C1,[C@@H]1(C(=O)[O-])[C@H]2CCN2CC1,0.73498863,0.7349886298179626,67.333336,0.5402083,140.162,1.0
398,C1CN2CCC12,C12N(CC1)C[C@H]2C(=O)[O-],0.8033383,0.8033382892608643,73.666664,0.6453524,126.13499999999998,1.0
398,C1CCN2CCCCC2C1,C1CCN2[C@H](C[C@H](C(=O)[O-])CC2)C1,0.29216304,0.29216304421424866,30.666666,0.08535924,182.24299999999994,1.0
398,C1CCN2CCC[C@H]2C1,C1C[C@@H]2N(C[C@H](C([O-])=O)C[C@@H]2C)C1,0.3110974,0.3110974133014679,32.666668,0.096781604,182.24299999999997,1.0
398,C1CCN2CCCC2C1,C1C2N(CC[C@H](C(=O)[O-])C2)CC1,0.39428475,0.39428475499153137,40.5,0.15546048,168.21599999999995,1.0
408,C1CCN2C[C@@H]2C1,C1[C@H](C(=O)[O-])C[C@@H]2N(C1)C2,0.4605141,0.460514098405838,46.0,0.21207324,140.16199999999998,1.0
408,C1CCN2CC[C@@H]2C1,C1[C@@H](C([O-])=O)[C@H]2CCN2CC1,0.43985504,0.43985503911972046,44.333332,0.19347246,154.18899999999996,1.0
408,C1CC2CCN2C1,C1CC2[C@@H](C([O-])=O)CCN12,0.7310841,0.7310841083526611,67.0,0.53448397,140.162,1.0
408,C1CCC2CCN2CC1,C[C@@H]1CN2C(CCC1)[C@@H](C([O-])=O)C2,0.19566938,0.19566938281059265,18.333334,0.038286507,182.24299999999997,1.0
408,c1cc(N2CCCCC2)ccn1,c1c(N2CCC(C(=O)[O-])CC2)ccnc1,0.1277691,0.1277690976858139,5.6666665,0.016324943,205.237,1.0
408,C1CCN2CCCC(C1)CC2,N12CCC(CC[C@@H](C([O-])=O)C1)CCC2,0.21138474,0.21138474345207214,20.666666,0.04468351,196.26999999999995,1.0
408,C1CCN2CC[C@@H]2C1,N12[C@H](CC1)C[C@@H](C([O-])=O)CC2,0.80004066,0.8000406622886658,73.333336,0.640065,154.18899999999996,1.0
408,c1ccc(-c2ccncc2)cc1,c1cc(-c2ccccc2)cc(C([O-])=O)n1,0.10533608,0.10533607751131058,0.0,0.011095689,198.20099999999994,1.0
408,C1CCN2CC[C@@H]2C1,[C@H]1(C([O-])=O)C[C@H]2CCN2CC1,0.40394187,0.4039418697357178,41.333332,0.16316903,154.189,1.0
408,C1CC[C@H]2CC[NH2+][C@H]2CC1,C1CC[C@@H]2[C@@H]([NH+](CCC(=O)[O-])CC2)CC1,0.10533608,0.10533607751131058,0.0,0.011095689,211.30499999999995,1.0
418,C1CCN2CC[C@H]2C1,N12[C@@H](CC1)C[C@H](C([O-])=O)CC2,0.75595176,0.7559517621994019,69.166664,0.57146305,154.18899999999996,1.0
418,C1CC2CCCN2C1,[O-]C(=O)[C@H]1CCN2CCC[C@@H]21,0.78650117,0.7865011692047119,72.0,0.6185841,154.18900000000002,1.0
418,C1CCN2CCCC(C1)C2,O=C(C1CCC2CCCN(C1)C2)[O-],0.29062808,0.2906280755996704,30.5,0.08446468,182.24299999999997,1.0
418,C1CC[C@@H]2CCCN(CC1)C2,ClC1[C@H]2[C@H](C([O-])=O)CCN1CCCCC2,0.15653552,0.15653552114963531,11.666667,0.024503369,230.71499999999992,1.0
418,C1CC2CCCN2C1,C1[C@@H](C([O-])=O)C2N(CCC2)C1,0.66748077,0.6674807667732239,61.833332,0.4455306,154.18899999999996,1.0
418,C1C[C@H]2CCN2C1,N12[C@@H](C([O-])=O)CC[C@H]1CC2,0.41177067,0.41177067160606384,42.0,0.16955508,140.16199999999998,1.0
418,C1C[C@@H]2CN2C1,C1N2C[C@H](C(=O)[O-])C[C@H]12,0.23969103,0.23969103395938873,24.5,0.057451792,126.13499999999999,1.0
418,C1CC2CCCN(C1)C2,C1N2CCCC1C[C@H](C([O-])=O)C2,0.3518106,0.35181060433387756,36.666668,0.12377069,168.21599999999998,1.0
418,C1CC2CCN2C1,C1CCN2C1CC2C(=O)[O-],0.48801425,0.0,48.166668,0.23815791,140.16199999999998,1.0
418,C1C[C@H]2CCN2C1,[O-]C(=O)[C@H]1[C@@H]2CCCN2C1,0.4773587,0.47735869884490967,47.333332,0.22787131,140.162,1.0
426,C1CCN2CCC(C1)CC2,C1CN2CCC(C[C@H]1C([O-])=O)CC2,0.84152627,0.8415262699127197,77.833336,0.7081664,182.24299999999994,1.0
426,C1CC2CCCN2C1,O=C([O-])[C@H]1[C@H]2CCCN2CC1,0.41770086,0.0,42.5,0.17447402,154.189,1.0
426,C1CCC2CCCN2CC1,C12CCC[C@H](C(=O)[O-])CN1CCC2,0.3078756,0.3078756034374237,32.333332,0.09478739,182.24299999999994,1.0
426,C1CC2CCN(C1)C2,C1[C@@H](C([O-])=O)CN2CCC1C2,0.35003927,0.3500392735004425,36.5,0.12252749,154.189,1.0
426,C1CCCN2CCCC(CC1)CC2,C1CCCN2C[C@H](C([O-])=O)CC(CC1)CC2,0.16189472,0.16189472377300262,12.666667,0.0262099,224.32399999999993,1.0
426,C1CN2CCCN(C1)C2,C1CN2CN(C1)CC[C@@H]2C(=O)[O-],0.5095798,0.5095797777175903,49.833332,0.25967157,169.20399999999998,1.0
426,C1CCN2CC[C@H]2C1,C1N2[C@H](CCC1)[C@@H](C([O-])=O)C2,0.29216304,0.29216304421424866,30.666666,0.08535924,154.189,1.0
426,C1CN2CCC1CC2,C(=O)([O-])[C@@H]1N2CCC(CC2)C1,0.49445033,0.0,48.666668,0.24448113,154.18899999999996,1.0
434,C1CCN2CCCN(C1)CC2,[C@H]1(C([O-])=O)CCN2CCN1CCCC2,0.29216304,0.29216304421424866,30.666666,0.08535924,197.25799999999995,1.0
434,C1C[C@@H]2CN2C1,C1[C@H]2[C@@H](C(=O)[O-])CCN12,0.3209213,0.32092130184173584,33.666668,0.10299048,126.13499999999999,1.0
434,C1CCN2CCCC(C1)CC2,C12CCN(C[C@@H](C([O-])=O)CC1)CCC2,0.3209213,0.32092130184173584,33.666668,0.10299048,196.26999999999992,1.0
434,C1CCN2CCC[C@H]2C1,N12CCC[C@H]1CC[C@@H](C([O-])=O)C2,0.52703464,0.5270346403121948,51.166668,0.27776548,168.21599999999998,1.0
434,C1CCN2CCC[C@H]2C1,C1N2CCCC[C@@H]2C[C@@H]1C([O-])=O,0.41770086,0.417700856924057,42.5,0.17447402,168.21599999999998,1.0
434,C1CCCN2CCC(CC1)C2,C1CCN2CC(CCC1)C[C@H]2C(=O)[O-],0.19138035,0.1913803517818451,17.666666,0.03662644,196.26999999999998,1.0
434,C1C[C@@H]2CN2C1,C1N2C[C@@H](C([O-])=O)C[C@H]12,0.14797635,0.147976353764534,10.0,0.021897,126.13499999999999,1.0
434,C1CCN2CCCC2C1,O=C([O-])[C@H]1CC2N(C1)CC[C@H](C(=O)[O-])C2,0.19894402,0.19894401729106903,18.833334,0.039578725,211.21699999999998,1.0
443,C1CCN2CCCCC2C1,N12CCCCC1CC[C@@H](C(=O)[O-])C2,0.58002234,0.5800223350524902,55.166668,0.33642593,182.24299999999997,1.0
443,C1CCN2CCCC(C1)C2,C1CN2CC([C@H](C(=O)[O-])C1)CCC2,0.58223784,0.5822378396987915,55.333332,0.33900088,182.2429999999999,1.0
443,C1C[C@H]2CN2C1,C1N2C[C@@H]2C[C@@H]1C([O-])=O,0.32592228,0.32592228055000305,34.166668,0.10622533,126.13499999999999,1.0
443,C1CCN2CCCN(C1)CC2,C1CN2CCN(C[C@@H](C([O-])=O)C2)CC1,0.4605141,0.460514098405838,46.0,0.21207324,197.25799999999995,1.0
443,C1CC2CCCN2C1,O=C([C@@H]1CC2CCCN2C1)[O-],0.5977348,0.0,56.5,0.35728693,154.189,1.0
443,C1CCN2CCCC(C1)CC2,N12CCC(C[C@H](C(=O)[O-])C1)CCCC2,0.4773587,0.47735869884490967,47.333332,0.22787131,196.26999999999992,1.0
443,C1CCC2CCN(CC1)C2,[C@@H]1(C(=O)[O-])CN2CCC(CCC1)C2,0.4460034,0.44600340723991394,44.833332,0.19891904,182.24299999999997,1.0
443,C1CCN2CCC[C@@H]2C1,N12CCC[C@@H]1C[C@@H](C(=O)[O-])CC2,0.8538794,0.8538793921470642,79.333336,0.72911,168.21599999999995,1.0
443,C1CCN2CCCC2C1,C1CN2CC(C([O-])=O)CC2CC1,0.41177067,0.41177067160606384,42.0,0.16955508,168.21599999999995,1.0
452,C1CCN2CC[C@@H]2C1,C1C[C@@H](C([O-])=O)CN2[C@@H]1CC2,0.39620453,0.39620453119277954,40.666668,0.15697804,154.18899999999996,1.0
452,C1C[C@@H]2CCN(C1)C2,C([C@H]1CN2C[C@@H]1CCC2)([O-])=O,0.8980688,0.8980687856674194,85.666664,0.8065275,154.189,1.0
452,C1CC2CCCN(C1)C2,N12CCCC(CC[C@@H]1C(=O)[O-])C2,0.5248445,0.5248445272445679,51.0,0.27546176,168.21599999999998,1.0
452,C1CCN2CCN(CC1)C2,C1CN2CN(CC2)CC[C@@H]1C([O-])=O,0.44189966,0.4418996572494507,44.5,0.1952753,183.231,1.0
452,C1CCC2CCCC[NH+](CC1)C2,[O-]C(=O)[C@@H]1C2C[NH+](CCCCC2)CCC1,0.10533608,0.10533607751131058,0.0,0.011095689,211.30499999999992,1.0
452,C1CN2CCC1C2,C1(C(=O)[O-])[C@H]2CN(CC2)C1,0.80660063,0.0,74.0,0.6506046,140.162,1.0
452,C1CCN2CCC[C@@H]2C1,[O-]C([C@@H]1[C@H]2N(CCCC2)CC1)=O,0.40589058,0.4058905839920044,41.5,0.16474716,168.21599999999998,1.0
452,C1CC2CCCN2C1,C1CCN2CC(C(=O)[O-])CC12,0.41374192,0.0,42.166668,0.17118236,154.18899999999996,1.0
452,C1CC2CCCN2C1,C1[C@H]2[C@@H](C(=O)[O-])CCN2CC1,0.69892,0.0,64.333336,0.48848915,154.18899999999996,1.0
458,C1CCN2CCCN2CC1,C1CN2CC(C([O-])=O)CN2CCC1,0.22948393,0.2294839322566986,23.166666,0.05266287,183.23099999999994,1.0
458,C1CCN2CCC[C@@H]2C1,C([C@@H]1CCN2CCC[C@@H]2C1)([O-])=O,0.58445317,0.5844531655311584,55.5,0.3415855,168.21599999999998,1.0
458,C1C[C@@H]2CCN2C1,[C@@H]12N(CC[C@H]1[O-])CC2,0.42368007,0.42368006706237793,43.0,0.1795048,112.15199999999999,1.0
458,C1CN2CCN(C1)CC2,C([O-])([C@H]1N2CCN(CC1)CC2)=O,0.8033383,0.8033382892608643,73.666664,0.6453524,169.20399999999998,1.0
458,C1CCN2CCC[C@@H]2C1,C([O-])([C@@H]1CC[C@H]2CCCN2C1)=O,0.5888827,0.5888826847076416,55.833332,0.3467828,168.21599999999998,1.0
458,C1CCN2CCC(C1)C2,C1CCN2C[C@@H](C(=O)[O-])C(C1)C2,0.56894493,0.5689449310302734,54.333332,0.3236983,168.21599999999995,1.0
461,C1CCN2CCN(C1)C2,[C@H]1(C([O-])=O)CN2CN(CC2)CC1,0.32760242,0.32760241627693176,34.333332,0.10732333,169.20399999999998,1.0
461,C1C[C@@H]2CCN2C1,C1CN2C[C@@H](C(=O)[O-])[C@H]2C1,0.20226888,0.20226888358592987,19.333334,0.040912703,140.16199999999995,1.0
461,C1CC2CCN(C1)CC2,[C@@H]1(C([O-])=O)C2CCN(CC1)CC2,0.52703464,0.0,51.166668,0.27776548,168.21599999999998,1.0
465,C1CCN2CCC[C@@H]2C1,C1[C@H]2CCCN2CC[C@@H]1OC([O-])=O,0.15653552,0.15653552114963531,11.666667,0.024503369,184.21499999999997,1.0
465,C1CC[C@@H]2CCN2CC1,[C@@H]1(C([O-])=O)C[C@H]2N(CC2)CCC1,0.33098245,0.3309824466705322,34.666668,0.10954937,168.21599999999998,1.0
465,C1C[C@@H]2CCN2C1,C1CN2CC[C@@H](C([O-])=O)[C@H]12,0.45219475,0.0,45.333332,0.20448008,140.16199999999998,1.0
465,C1CCN2CCCC(C1)CC2,C1CCCN2C[C@H](C(=O)[O-])CC1CC2,0.2257568,0.22575679421424866,22.666666,0.050966132,196.26999999999995,1.0
474,C1CCN2CC[C@@H](C1)C2,C1N2CC[C@H](C([O-])=O)C[C@@H](C2)C1,0.7131857,0.713185727596283,65.5,0.50863385,168.21599999999998,1.0
474,C1CCN2CCC[C@H](C1)CC2,C1CN2CCC[C@@H]1C[C@@H](C(=O)[O-])CC2,0.45634547,0.45634546875953674,45.666668,0.20825118,196.26999999999995,1.0
474,C1CC2CCN(C1)C2,C1N2C[C@H](C([O-])=O)C1CCC2,0.6351148,0.6351147890090942,59.333332,0.4033708,154.18899999999996,1.0
474,C1CCN2CCC2C1,C1CN2C(CC2)C[C@@H]1C(=O)[O-],0.27127028,0.2712702751159668,28.333334,0.07358756,154.189,1.0
474,C1CCN2CCN(C1)CC2,C1N2CCN(C1)CC[C@H](C(=O)[O-])C2,0.3904629,0.3904629051685333,40.166668,0.15246129,183.23099999999997,1.0
474,C1CCN2CCC[C@@H]2C1,C1N2[C@H]([C@H](C([O-])=O)CC2)CCC1,0.38101286,0.38101285696029663,39.333332,0.14517081,168.21599999999998,1.0
474,C1CCN2CCCCN2CC1,C1CCN2CC[C@@H](C([O-])=O)CN2CC1,0.23073842,0.23073841631412506,23.333334,0.053240217,197.25799999999995,1.0
474,C1CC2CCCN(C1)C2,N12CC[C@@H](C(=O)[O-])[C@@H](C1)CCC2,0.61758876,0.6175887584686279,58.0,0.38141587,168.21599999999995,1.0
474,C1CCN2CCCCC2C1,[C@@H]1([O-])C[C@@H]2N(CCCC2)CC1,0.33098245,0.3309824466705322,34.666668,0.10954937,154.23299999999998,1.0
485,C1CCN2CN(C1)C2,C1N2CC[C@@H](C([O-])=O)CN1C2,0.14467931,0.14467930793762207,9.333333,0.0209321,155.17699999999996,1.0
485,C1CCN2CCCC(C1)C2,C1CCCN2CC1[C@@H](C(=O)[O-])CC2,0.3518106,0.35181060433387756,36.666668,0.12377069,182.24299999999994,1.0
485,C1CCN2CCC[C@H]2C1,[O-]C([C@@H]1[C@H]2N(CCC2)CCC1)=O,0.6416463,0.6416463255882263,59.833332,0.41171,168.21599999999998,1.0
485,C1CCN2CCN(C1)CC2,N12C[C@H](C(=O)[O-])CCN(CC1)CC2,0.3735624,0.37356239557266235,38.666668,0.13954885,183.23099999999997,1.0
485,C1C[C@H]2CCN2C1,[C@@H]12[C@H](C(=O)[O-])CCN1CC2,0.7251765,0.0,66.5,0.52588093,140.162,1.0
485,C1CCCN2CCC[C@H]2CC1,C(=O)([O-])[C@@H]1C[C@H]2N(CCC2)CCCC1,0.20115498,0.20115497708320618,19.166666,0.040463325,196.26999999999995,1.0
485,C1CC2CCN(C1)CC2,[C@H]12[C@H](C([O-])=O)CN(CCC1)CC2,0.5248445,0.0,51.0,0.27546176,168.21599999999998,1.0
485,C1CC[C@@H]2CCCN2CC1,[C@H]1(C(=O)[O-])CCC[C@@H]2CCCN2C1,0.27710885,0.2771088480949402,29.0,0.07678932,182.24299999999997,1.0
485,C1CCN2CCCCC2C1,C1N2[C@@H](CCC1)CC[C@H](C(=O)[O-])C2,0.24230444,0.24230444431304932,24.833334,0.058711447,182.243,1.0
485,C1CC[C@@H]2CCCCN2CC1,C1CCN2[C@H](CC1)C[C@H](C(=O)[O-])CC2,0.15830295,0.15830294787883759,12.0,0.025059821,196.26999999999995,1.0
485,C1CN2CCN(C1)CC2,N12CCN(CCC1)[C@@H](C([O-])=O)C2,0.43781543,0.43781542778015137,44.166668,0.19168234,169.20399999999998,1.0
490,C1CC[C@@H]2CCCN2CC1,C1C[C@@H]2CCCN2CC[C@@H]1C(=O)[O-],0.41968855,0.41968855261802673,42.666668,0.17613849,182.24300000000002,1.0
490,C1CCC2CCN(CC1)C2,[C@@H]1(C(=O)[O-])CCC2CCN(CC1)C2,0.27417654,0.27417653799057007,28.666666,0.075172774,182.24299999999997,1.0
490,C1CCN2CCC(C1)CC2,C1CC2CC[C@@H](C([O-])=O)CN1CC2,0.17313749,0.17313748598098755,14.666667,0.02997659,182.24299999999997,1.0
490,C1C[C@@H]2CCN(C1)C2,[C@@H]12CCCN(C[C@H]1C(=O)[O-])C2,0.6438178,0.6438177824020386,60.0,0.4145013,154.18899999999996,1.0
490,C1CCN2CCC(C1)CC2,C1N2CCC(C[C@H](C([O-])=O)CC2)C1,0.45426783,0.45426782965660095,45.5,0.20635925,182.24299999999994,1.0
499,C1CCN2CCC(C1)C2,[O-]C(=O)[C@@H]1CCC2CN(C1)CC2,0.17606072,0.1760607212781906,15.166667,0.030997379,168.21599999999998,1.0
499,C1CC2CCCN(C1)CC2,C1C2CCN(CCC2)[C@H](C([O-])=O)C1,0.17313749,0.17313748598098755,14.666667,0.02997659,182.24299999999997,1.0
499,C1CC2CCN(C1)CC2,C1N2CCC(CC2)C[C@@H]1C(=O)[O-],0.26838994,0.0,28.0,0.07203316,168.21599999999998,1.0
499,C1CC(C[NH2+]C[C@H]2CC[C@@H]3CCCN3C2)C1,C1C[C@@H]2CCCN2C[C@H]1C[NH2+]CC1CCC1,0.10533608,0.10533607751131058,0.0,0.011095689,223.38399999999996,1.0
499,C1CCC2CCN(CC1)CC2,[O-]C([C@@H]1CCN2CCC(CC2)CC1)=O,0.25990388,0.2599038779735565,27.0,0.067550026,196.26999999999995,1.0
499,C1CC2CCCN(C1)CC2,C1C2CCN(C[C@@H](C([O-])=O)C2)CC1,0.21608113,0.21608112752437592,21.333334,0.046691056,182.24299999999994,1.0
499,C1CCN2CCC(C1)C2,C1[C@@H](C(=O)[O-])CCN2CCC1C2,0.8192928,0.8192927837371826,75.333336,0.6712406,168.21599999999998,1.0
499,C1CC2CCCN(C1)CC2,C1CC2[C@H](C(=O)[O-])CCN1CCC2,0.5955229,0.5955228805541992,56.333332,0.35464752,182.24299999999997,1.0
499,C1CCN2C[C@@H]2C1,N=C([C@@H]1C[C@H]2CN2CC1)[O-],0.10533608,0.10533607751131058,0.0,0.011095689,139.178,1.0
507,C1CN2CCN(C1)C2,C(=O)([O-])C1N2CN(C1)CCC2,0.3209213,0.32092130184173584,33.666668,0.10299048,155.177,1.0
507,C1CC2CCN(C1)C2,C1N2CC([C@@H](C(=O)[O-])CC2)C1,0.7967078,0.0,73.0,0.63474333,154.18899999999996,1.0
507,C1CC2CN(C1)C2,C12[C@H](C([O-])=O)CCN(C1)C2,0.7151999,0.715199887752533,65.666664,0.51151085,140.162,1.0
507,C1CCN2CCC(C1)C2,C1CC2CN(CC1)C[C@@H]2C([O-])=O,0.39620453,0.39620453119277954,40.666668,0.15697804,168.21599999999998,1.0
507,C1CCN2CC[C@@H](C1)C2,C1CC[C@@H]2[C@H](C(=O)[O-])CN(C1)C2,0.38477483,0.3847748339176178,39.666668,0.14805166,168.21599999999995,1.0
507,C1CCN2CN(C1)C2,C1(C([O-])=O)CN2CN(CC1)C2,0.19566938,0.19566938281059265,18.333334,0.038286507,155.177,1.0
507,C1CCN2CCC[C@@H](C1)CC2,[C@@H]12CCN(CC[C@H](C)C1)CC[C@@H]2C([O-])=O,0.78650117,0.7865011692047119,72.0,0.6185841,210.29699999999997,1.0
507,C1CCN2C[C@@H]2C1,N12[C@@H](C[C@H](C(=O)[O-])CC1)C2,0.2516483,0.25164830684661865,26.0,0.06332687,140.16199999999998,1.0
